product_id,name,category,price,currency,stock_quantity,sku,color,rating,in_stock,path,image_url
PRD-0001,Granite Loafers,Footwear,155.12,USD,224,SKU-FOO-001,Green,4.4,true,/products/product-detail/sku-foo-001,https://picsum.photos/seed/sku-foo-001/640/480
PRD-0002,Marina Cooler,Outdoor,143.50,USD,128,SKU-OUT-001,Navy,4.9,true,/products/product-detail/sku-out-001,https://picsum.photos/seed/sku-out-001/640/480
PRD-0003,Solstice Rain Boots,Footwear,31.32,USD,261,SKU-FOO-002,Beige,3.7,true,/products/product-detail/sku-foo-002,https://picsum.photos/seed/sku-foo-002/640/480
PRD-0004,Alpine Desk Lamp,Home,135.76,USD,16,SKU-HOM-001,Silver,4.6,true,/products/product-detail/sku-hom-001,https://picsum.photos/seed/sku-hom-001/640/480
PRD-0005,Flexfit Storage Bin,Home,181.77,USD,190,SKU-HOM-002,Natural,4.8,true,/products/product-detail/sku-hom-002,https://picsum.photos/seed/sku-hom-002/640/480
PRD-0006,Marina Bluetooth Speaker,Electronics,60.41,USD,12,SKU-ELE-001,Gray,3.8,true,/products/product-detail/sku-ele-001,https://picsum.photos/seed/sku-ele-001/640/480
PRD-0007,Voyager Fitness Tracker,Fitness,132.19,USD,28,SKU-FIT-001,Charcoal,4.1,true,/products/product-detail/sku-fit-001,https://picsum.photos/seed/sku-fit-001/640/480
PRD-0008,Cascade Tote Bag,Accessories,100.41,USD,61,SKU-ACC-001,Gray,4.4,true,/products/product-detail/sku-acc-001,https://picsum.photos/seed/sku-acc-001/640/480
PRD-0009,Vortex USB-C Cable,Electronics,159.46,USD,227,SKU-ELE-002,Navy,5.0,true,/products/product-detail/sku-ele-002,https://picsum.photos/seed/sku-ele-002/640/480
PRD-0010,Voyager Storage Bin,Home,128.18,USD,229,SKU-HOM-003,Natural,4.2,true,/products/product-detail/sku-hom-003,https://picsum.photos/seed/sku-hom-003/640/480
PRD-0011,Drift Backpack,Outdoor,78.19,USD,110,SKU-OUT-002,Gray,3.6,true,/products/product-detail/sku-out-002,https://picsum.photos/seed/sku-out-002/640/480
PRD-0012,Alpine Power Bank,Electronics,117.23,USD,76,SKU-ELE-003,White,4.2,true,/products/product-detail/sku-ele-003,https://picsum.photos/seed/sku-ele-003/640/480
PRD-0013,Ember Belt,Accessories,107.46,USD,185,SKU-ACC-002,Beige,4.8,true,/products/product-detail/sku-acc-002,https://picsum.photos/seed/sku-acc-002/640/480
PRD-0014,Voyager Tent,Outdoor,98.85,USD,302,SKU-OUT-003,Natural,3.7,true,/products/product-detail/sku-out-003,https://picsum.photos/seed/sku-out-003/640/480
PRD-0015,Alpine Hammock,Outdoor,112.46,USD,323,SKU-OUT-004,Maroon,4.4,true,/products/product-detail/sku-out-004,https://picsum.photos/seed/sku-out-004/640/480
PRD-0016,Coral Picture Frame,Home,53.80,USD,261,SKU-HOM-004,Gray,4.3,true,/products/product-detail/sku-hom-004,https://picsum.photos/seed/sku-hom-004/640/480
PRD-0017,Marina Sunglasses,Accessories,146.15,USD,204,SKU-ACC-003,Blue,4.7,true,/products/product-detail/sku-acc-003,https://picsum.photos/seed/sku-acc-003/640/480
PRD-0018,Drift Gym Bag,Fitness,128.91,USD,136,SKU-FIT-002,White,3.8,true,/products/product-detail/sku-fit-002,https://picsum.photos/seed/sku-fit-002/640/480
PRD-0019,Meridian Resistance Bands,Fitness,145.93,USD,26,SKU-FIT-003,Blue,4.1,true,/products/product-detail/sku-fit-003,https://picsum.photos/seed/sku-fit-003/640/480
PRD-0020,Quartz Keyboard,Electronics,8.82,USD,183,SKU-ELE-004,Red,4.9,true,/products/product-detail/sku-ele-004,https://picsum.photos/seed/sku-ele-004/640/480
PRD-0021,Voyager Yoga Mat,Fitness,150.32,USD,282,SKU-FIT-004,Silver,3.9,true,/products/product-detail/sku-fit-004,https://picsum.photos/seed/sku-fit-004/640/480
PRD-0022,Vortex Wallet,Accessories,172.61,USD,245,SKU-ACC-004,White,3.9,true,/products/product-detail/sku-acc-004,https://picsum.photos/seed/sku-acc-004/640/480
PRD-0023,Drift Sleeping Bag,Outdoor,60.63,USD,206,SKU-OUT-005,Beige,4.1,true,/products/product-detail/sku-out-005,https://picsum.photos/seed/sku-out-005/640/480
PRD-0024,Granite Keyboard,Electronics,160.45,USD,326,SKU-ELE-005,Black,4.5,true,/products/product-detail/sku-ele-005,https://picsum.photos/seed/sku-ele-005/640/480
PRD-0025,Voyager Mouse,Electronics,117.58,USD,86,SKU-ELE-006,Charcoal,3.7,true,/products/product-detail/sku-ele-006,https://picsum.photos/seed/sku-ele-006/640/480
PRD-0026,Drift Foam Roller,Fitness,90.32,USD,239,SKU-FIT-005,Beige,3.8,true,/products/product-detail/sku-fit-005,https://picsum.photos/seed/sku-fit-005/640/480
PRD-0027,Voyager Webcam,Electronics,143.04,USD,236,SKU-ELE-007,Natural,4.1,true,/products/product-detail/sku-ele-007,https://picsum.photos/seed/sku-ele-007/640/480
PRD-0028,Zenith Wallet,Accessories,159.61,USD,314,SKU-ACC-005,Charcoal,5.0,true,/products/product-detail/sku-acc-005,https://picsum.photos/seed/sku-acc-005/640/480
PRD-0029,Marina Rug,Home,81.64,USD,248,SKU-HOM-005,Silver,3.9,true,/products/product-detail/sku-hom-005,https://picsum.photos/seed/sku-hom-005/640/480
PRD-0030,Lumen Gym Bag,Fitness,81.85,USD,379,SKU-FIT-006,White,3.9,true,/products/product-detail/sku-fit-006,https://picsum.photos/seed/sku-fit-006/640/480
PRD-0031,Zenith Rug,Home,87.44,USD,97,SKU-HOM-006,White,4.4,true,/products/product-detail/sku-hom-006,https://picsum.photos/seed/sku-hom-006/640/480
PRD-0032,Lumen Rug,Home,18.34,USD,202,SKU-HOM-007,Gray,4.1,true,/products/product-detail/sku-hom-007,https://picsum.photos/seed/sku-hom-007/640/480
PRD-0033,Fable Wireless Earbuds,Electronics,155.63,USD,321,SKU-ELE-008,Gray,3.9,true,/products/product-detail/sku-ele-008,https://picsum.photos/seed/sku-ele-008/640/480
PRD-0034,Terra Sunglasses,Accessories,79.81,USD,202,SKU-ACC-006,White,3.5,true,/products/product-detail/sku-acc-006,https://picsum.photos/seed/sku-acc-006/640/480
PRD-0035,Nimbus Belt,Accessories,79.17,USD,65,SKU-ACC-007,Gray,4.4,true,/products/product-detail/sku-acc-007,https://picsum.photos/seed/sku-acc-007/640/480
PRD-0036,Fable Smartwatch Band,Electronics,153.12,USD,28,SKU-ELE-009,Green,4.0,true,/products/product-detail/sku-ele-009,https://picsum.photos/seed/sku-ele-009/640/480
PRD-0037,Pulse Trekking Poles,Outdoor,120.48,USD,194,SKU-OUT-006,Gray,3.6,true,/products/product-detail/sku-out-006,https://picsum.photos/seed/sku-out-006/640/480
PRD-0038,Fable Mouse,Electronics,52.89,USD,205,SKU-ELE-010,Olive,4.7,true,/products/product-detail/sku-ele-010,https://picsum.photos/seed/sku-ele-010/640/480
PRD-0039,Lumen Sleeping Bag,Outdoor,58.07,USD,268,SKU-OUT-007,Black,3.9,true,/products/product-detail/sku-out-007,https://picsum.photos/seed/sku-out-007/640/480
PRD-0040,Vortex Backpack,Outdoor,193.20,USD,41,SKU-OUT-008,Silver,4.5,true,/products/product-detail/sku-out-008,https://picsum.photos/seed/sku-out-008/640/480
PRD-0041,Zenith Tote Bag,Accessories,118.24,USD,189,SKU-ACC-008,Blue,4.8,true,/products/product-detail/sku-acc-008,https://picsum.photos/seed/sku-acc-008/640/480
PRD-0042,Nimbus Tent,Outdoor,49.24,USD,207,SKU-OUT-009,Silver,3.7,true,/products/product-detail/sku-out-009,https://picsum.photos/seed/sku-out-009/640/480
PRD-0043,Solstice Tote Bag,Accessories,86.72,USD,109,SKU-ACC-009,Maroon,4.7,true,/products/product-detail/sku-acc-009,https://picsum.photos/seed/sku-acc-009/640/480
PRD-0044,Ember Webcam,Electronics,63.97,USD,383,SKU-ELE-011,Red,4.6,true,/products/product-detail/sku-ele-011,https://picsum.photos/seed/sku-ele-011/640/480
PRD-0045,Willow Hammock,Outdoor,110.38,USD,212,SKU-OUT-010,Olive,4.6,true,/products/product-detail/sku-out-010,https://picsum.photos/seed/sku-out-010/640/480
PRD-0046,Aurora Cooler,Outdoor,174.79,USD,366,SKU-OUT-011,Beige,4.1,true,/products/product-detail/sku-out-011,https://picsum.photos/seed/sku-out-011/640/480
PRD-0047,Willow Water Bottle,Fitness,68.83,USD,354,SKU-FIT-007,White,4.0,true,/products/product-detail/sku-fit-007,https://picsum.photos/seed/sku-fit-007/640/480
PRD-0048,Nimbus Hiking Boots,Footwear,30.23,USD,249,SKU-FOO-003,Gray,5.0,true,/products/product-detail/sku-foo-003,https://picsum.photos/seed/sku-foo-003/640/480
PRD-0049,Fable Sneakers,Footwear,51.16,USD,376,SKU-FOO-004,Black,3.9,true,/products/product-detail/sku-foo-004,https://picsum.photos/seed/sku-foo-004/640/480
PRD-0050,Voyager Slippers,Footwear,116.58,USD,68,SKU-FOO-005,Navy,4.3,true,/products/product-detail/sku-foo-005,https://picsum.photos/seed/sku-foo-005/640/480
PRD-0051,Solstice Cutting Board,Home,182.55,USD,285,SKU-HOM-008,Maroon,4.9,true,/products/product-detail/sku-hom-008,https://picsum.photos/seed/sku-hom-008/640/480
PRD-0052,Quartz Tent,Outdoor,89.58,USD,109,SKU-OUT-012,Teal,4.1,true,/products/product-detail/sku-out-012,https://picsum.photos/seed/sku-out-012/640/480
PRD-0053,Terra Belt,Accessories,190.95,USD,292,SKU-ACC-010,Olive,4.0,true,/products/product-detail/sku-acc-010,https://picsum.photos/seed/sku-acc-010/640/480
PRD-0054,Voyager Hat,Accessories,161.08,USD,287,SKU-ACC-011,Teal,4.0,true,/products/product-detail/sku-acc-011,https://picsum.photos/seed/sku-acc-011/640/480
PRD-0055,Onyx Dumbbell Set,Fitness,78.79,USD,329,SKU-FIT-008,Olive,4.5,true,/products/product-detail/sku-fit-008,https://picsum.photos/seed/sku-fit-008/640/480
PRD-0056,Boreal Mouse,Electronics,80.71,USD,194,SKU-ELE-012,Teal,4.4,true,/products/product-detail/sku-ele-012,https://picsum.photos/seed/sku-ele-012/640/480
PRD-0057,Terra Foam Roller,Fitness,144.57,USD,222,SKU-FIT-009,Maroon,3.8,true,/products/product-detail/sku-fit-009,https://picsum.photos/seed/sku-fit-009/640/480
PRD-0058,Alpine Keyboard,Electronics,197.55,USD,204,SKU-ELE-013,Charcoal,3.6,true,/products/product-detail/sku-ele-013,https://picsum.photos/seed/sku-ele-013/640/480
PRD-0059,Quartz Mug Set,Home,159.60,USD,139,SKU-HOM-009,Maroon,3.8,true,/products/product-detail/sku-hom-009,https://picsum.photos/seed/sku-hom-009/640/480
PRD-0060,Nimbus Trekking Poles,Outdoor,116.79,USD,55,SKU-OUT-013,Navy,4.1,true,/products/product-detail/sku-out-013,https://picsum.photos/seed/sku-out-013/640/480
PRD-0061,Aurora Webcam,Electronics,39.61,USD,100,SKU-ELE-014,Green,4.1,true,/products/product-detail/sku-ele-014,https://picsum.photos/seed/sku-ele-014/640/480
PRD-0062,Voyager Rain Boots,Footwear,21.37,USD,94,SKU-FOO-006,Blue,3.7,true,/products/product-detail/sku-foo-006,https://picsum.photos/seed/sku-foo-006/640/480
PRD-0063,Vortex Rain Boots,Footwear,61.46,USD,154,SKU-FOO-007,Navy,4.9,true,/products/product-detail/sku-foo-007,https://picsum.photos/seed/sku-foo-007/640/480
PRD-0064,Pulse Wireless Earbuds,Electronics,173.72,USD,384,SKU-ELE-015,Silver,4.5,true,/products/product-detail/sku-ele-015,https://picsum.photos/seed/sku-ele-015/640/480
PRD-0065,Cedarwood Sandals,Footwear,39.78,USD,26,SKU-FOO-008,Silver,4.0,true,/products/product-detail/sku-foo-008,https://picsum.photos/seed/sku-foo-008/640/480
PRD-0066,Onyx Trekking Poles,Outdoor,157.36,USD,86,SKU-OUT-014,Navy,4.5,true,/products/product-detail/sku-out-014,https://picsum.photos/seed/sku-out-014/640/480
PRD-0067,Nimbus Mouse,Electronics,193.63,USD,222,SKU-ELE-016,Sand,4.7,true,/products/product-detail/sku-ele-016,https://picsum.photos/seed/sku-ele-016/640/480
PRD-0068,Flexfit Tent,Outdoor,198.56,USD,301,SKU-OUT-015,Sand,4.4,true,/products/product-detail/sku-out-015,https://picsum.photos/seed/sku-out-015/640/480
PRD-0069,Ember Yoga Mat,Fitness,193.21,USD,216,SKU-FIT-010,Navy,4.2,true,/products/product-detail/sku-fit-010,https://picsum.photos/seed/sku-fit-010/640/480
PRD-0070,Cascade Smartwatch Band,Electronics,83.09,USD,382,SKU-ELE-017,Teal,4.5,true,/products/product-detail/sku-ele-017,https://picsum.photos/seed/sku-ele-017/640/480
PRD-0071,Cascade Foam Roller,Fitness,91.48,USD,87,SKU-FIT-011,Maroon,5.0,true,/products/product-detail/sku-fit-011,https://picsum.photos/seed/sku-fit-011/640/480
PRD-0072,Vortex Keyboard,Electronics,152.79,USD,113,SKU-ELE-018,Green,3.9,true,/products/product-detail/sku-ele-018,https://picsum.photos/seed/sku-ele-018/640/480
PRD-0073,Solstice Cleats,Footwear,20.85,USD,30,SKU-FOO-009,Maroon,3.8,true,/products/product-detail/sku-foo-009,https://picsum.photos/seed/sku-foo-009/640/480
PRD-0074,Halcyon Keyboard,Electronics,92.28,USD,149,SKU-ELE-019,Maroon,3.9,true,/products/product-detail/sku-ele-019,https://picsum.photos/seed/sku-ele-019/640/480
PRD-0075,Flexfit Sandals,Footwear,19.83,USD,142,SKU-FOO-010,Sand,3.6,true,/products/product-detail/sku-foo-010,https://picsum.photos/seed/sku-foo-010/640/480
PRD-0076,Lumen Throw Blanket,Home,185.65,USD,333,SKU-HOM-010,Black,3.9,true,/products/product-detail/sku-hom-010,https://picsum.photos/seed/sku-hom-010/640/480
PRD-0077,Granite Sneakers,Footwear,184.71,USD,55,SKU-FOO-011,Teal,4.3,true,/products/product-detail/sku-foo-011,https://picsum.photos/seed/sku-foo-011/640/480
PRD-0078,Aurora Watch,Accessories,168.08,USD,269,SKU-ACC-012,Beige,4.5,true,/products/product-detail/sku-acc-012,https://picsum.photos/seed/sku-acc-012/640/480
PRD-0079,Onyx Jump Rope,Fitness,171.25,USD,57,SKU-FIT-012,Sand,4.8,true,/products/product-detail/sku-fit-012,https://picsum.photos/seed/sku-fit-012/640/480
PRD-0080,Flexfit Mug Set,Home,157.53,USD,171,SKU-HOM-011,Gray,4.3,true,/products/product-detail/sku-hom-011,https://picsum.photos/seed/sku-hom-011/640/480
PRD-0081,Nimbus Gym Bag,Fitness,191.30,USD,63,SKU-FIT-013,Maroon,3.6,true,/products/product-detail/sku-fit-013,https://picsum.photos/seed/sku-fit-013/640/480
PRD-0082,Cascade Bluetooth Speaker,Electronics,156.41,USD,369,SKU-ELE-020,Natural,4.9,true,/products/product-detail/sku-ele-020,https://picsum.photos/seed/sku-ele-020/640/480
PRD-0083,Solstice Rain Boots,Footwear,189.47,USD,64,SKU-FOO-012,Gray,3.9,true,/products/product-detail/sku-foo-012,https://picsum.photos/seed/sku-foo-012/640/480
PRD-0084,Voyager Cooler,Outdoor,73.23,USD,289,SKU-OUT-016,Olive,3.8,true,/products/product-detail/sku-out-016,https://picsum.photos/seed/sku-out-016/640/480
PRD-0085,Cedarwood Foam Roller,Fitness,124.86,USD,35,SKU-FIT-014,Sand,3.9,true,/products/product-detail/sku-fit-014,https://picsum.photos/seed/sku-fit-014/640/480
PRD-0086,Granite Webcam,Electronics,69.30,USD,101,SKU-ELE-021,Charcoal,4.4,true,/products/product-detail/sku-ele-021,https://picsum.photos/seed/sku-ele-021/640/480
PRD-0087,Vortex Yoga Mat,Fitness,187.63,USD,114,SKU-FIT-015,Silver,4.9,true,/products/product-detail/sku-fit-015,https://picsum.photos/seed/sku-fit-015/640/480
PRD-0088,Boreal Wireless Earbuds,Electronics,60.36,USD,223,SKU-ELE-022,Natural,4.8,true,/products/product-detail/sku-ele-022,https://picsum.photos/seed/sku-ele-022/640/480
PRD-0089,Cascade Bluetooth Speaker,Electronics,170.76,USD,247,SKU-ELE-023,Teal,4.3,true,/products/product-detail/sku-ele-023,https://picsum.photos/seed/sku-ele-023/640/480
PRD-0090,Marina Fitness Tracker,Fitness,128.25,USD,305,SKU-FIT-016,Charcoal,3.7,true,/products/product-detail/sku-fit-016,https://picsum.photos/seed/sku-fit-016/640/480
PRD-0091,Coral Webcam,Electronics,141.65,USD,99,SKU-ELE-024,Teal,4.4,true,/products/product-detail/sku-ele-024,https://picsum.photos/seed/sku-ele-024/640/480
PRD-0092,Ember Cooler,Outdoor,87.60,USD,71,SKU-OUT-017,Sand,4.9,true,/products/product-detail/sku-out-017,https://picsum.photos/seed/sku-out-017/640/480
PRD-0093,Granite Smartwatch Band,Electronics,73.83,USD,28,SKU-ELE-025,Beige,4.7,true,/products/product-detail/sku-ele-025,https://picsum.photos/seed/sku-ele-025/640/480
PRD-0094,Nimbus Cutting Board,Home,157.50,USD,29,SKU-HOM-012,Silver,4.2,true,/products/product-detail/sku-hom-012,https://picsum.photos/seed/sku-hom-012/640/480
PRD-0095,Granite Webcam,Electronics,193.58,USD,338,SKU-ELE-026,Silver,4.6,true,/products/product-detail/sku-ele-026,https://picsum.photos/seed/sku-ele-026/640/480
PRD-0096,Quartz Picture Frame,Home,8.12,USD,51,SKU-HOM-013,Beige,4.8,true,/products/product-detail/sku-hom-013,https://picsum.photos/seed/sku-hom-013/640/480
PRD-0097,Cascade Running Shoes,Footwear,91.64,USD,380,SKU-FOO-013,White,4.0,true,/products/product-detail/sku-foo-013,https://picsum.photos/seed/sku-foo-013/640/480
PRD-0098,Quartz Sandals,Footwear,82.43,USD,215,SKU-FOO-014,Olive,4.7,true,/products/product-detail/sku-foo-014,https://picsum.photos/seed/sku-foo-014/640/480
PRD-0099,Alpine Cooler,Outdoor,109.88,USD,339,SKU-OUT-018,Gray,3.7,true,/products/product-detail/sku-out-018,https://picsum.photos/seed/sku-out-018/640/480
PRD-0100,Ember Candle,Home,122.84,USD,320,SKU-HOM-014,Green,3.6,true,/products/product-detail/sku-hom-014,https://picsum.photos/seed/sku-hom-014/640/480
PRD-0101,Flexfit Duffel,Outdoor,127.92,USD,69,SKU-OUT-019,Teal,3.6,true,/products/product-detail/sku-out-019,https://picsum.photos/seed/sku-out-019/640/480
PRD-0102,Marina Hammock,Outdoor,167.86,USD,59,SKU-OUT-020,Natural,4.5,true,/products/product-detail/sku-out-020,https://picsum.photos/seed/sku-out-020/640/480
PRD-0103,Nimbus Hat,Accessories,39.83,USD,214,SKU-ACC-013,Blue,4.5,true,/products/product-detail/sku-acc-013,https://picsum.photos/seed/sku-acc-013/640/480
PRD-0104,Halcyon Mug Set,Home,118.79,USD,267,SKU-HOM-015,Silver,4.3,true,/products/product-detail/sku-hom-015,https://picsum.photos/seed/sku-hom-015/640/480
PRD-0105,Meridian Rug,Home,165.80,USD,379,SKU-HOM-016,Black,3.9,true,/products/product-detail/sku-hom-016,https://picsum.photos/seed/sku-hom-016/640/480
PRD-0106,Solstice Mouse,Electronics,21.37,USD,30,SKU-ELE-027,Gray,5.0,true,/products/product-detail/sku-ele-027,https://picsum.photos/seed/sku-ele-027/640/480
PRD-0107,Lumen Backpack,Outdoor,38.79,USD,375,SKU-OUT-021,Olive,3.5,true,/products/product-detail/sku-out-021,https://picsum.photos/seed/sku-out-021/640/480
PRD-0108,Granite Rain Boots,Footwear,87.46,USD,64,SKU-FOO-015,Blue,4.9,true,/products/product-detail/sku-foo-015,https://picsum.photos/seed/sku-foo-015/640/480
PRD-0109,Marina Storage Bin,Home,51.21,USD,133,SKU-HOM-017,Sand,5.0,true,/products/product-detail/sku-hom-017,https://picsum.photos/seed/sku-hom-017/640/480
PRD-0110,Cedarwood Belt,Accessories,66.67,USD,359,SKU-ACC-014,Gray,4.2,true,/products/product-detail/sku-acc-014,https://picsum.photos/seed/sku-acc-014/640/480
PRD-0111,Meridian Cutting Board,Home,111.58,USD,282,SKU-HOM-018,Natural,4.2,true,/products/product-detail/sku-hom-018,https://picsum.photos/seed/sku-hom-018/640/480
PRD-0112,Onyx Candle,Home,113.10,USD,91,SKU-HOM-019,Green,4.3,true,/products/product-detail/sku-hom-019,https://picsum.photos/seed/sku-hom-019/640/480
PRD-0113,Boreal Gym Bag,Fitness,186.19,USD,188,SKU-FIT-017,Beige,4.7,true,/products/product-detail/sku-fit-017,https://picsum.photos/seed/sku-fit-017/640/480
PRD-0114,Meridian Headlamp,Outdoor,26.91,USD,198,SKU-OUT-022,Navy,4.9,true,/products/product-detail/sku-out-022,https://picsum.photos/seed/sku-out-022/640/480
PRD-0115,Willow Cooler,Outdoor,190.78,USD,271,SKU-OUT-023,Red,4.5,true,/products/product-detail/sku-out-023,https://picsum.photos/seed/sku-out-023/640/480
PRD-0116,Alpine Bluetooth Speaker,Electronics,186.09,USD,226,SKU-ELE-028,Gray,5.0,true,/products/product-detail/sku-ele-028,https://picsum.photos/seed/sku-ele-028/640/480
PRD-0117,Boreal Dumbbell Set,Fitness,12.22,USD,181,SKU-FIT-018,Gray,3.7,true,/products/product-detail/sku-fit-018,https://picsum.photos/seed/sku-fit-018/640/480
PRD-0118,Cascade Webcam,Electronics,73.02,USD,238,SKU-ELE-029,Natural,3.7,true,/products/product-detail/sku-ele-029,https://picsum.photos/seed/sku-ele-029/640/480
PRD-0119,Aurora Rain Boots,Footwear,50.12,USD,41,SKU-FOO-016,Sand,4.8,true,/products/product-detail/sku-foo-016,https://picsum.photos/seed/sku-foo-016/640/480
PRD-0120,Solstice Hammock,Outdoor,51.23,USD,196,SKU-OUT-024,Green,3.6,true,/products/product-detail/sku-out-024,https://picsum.photos/seed/sku-out-024/640/480
PRD-0121,Fable Loafers,Footwear,133.55,USD,360,SKU-FOO-017,Teal,4.9,true,/products/product-detail/sku-foo-017,https://picsum.photos/seed/sku-foo-017/640/480
PRD-0122,Terra Throw Blanket,Home,152.03,USD,0,SKU-HOM-020,Charcoal,4.0,false,/products/product-detail/sku-hom-020,https://picsum.photos/seed/sku-hom-020/640/480
PRD-0123,Vortex Webcam,Electronics,127.72,USD,210,SKU-ELE-030,Maroon,4.3,true,/products/product-detail/sku-ele-030,https://picsum.photos/seed/sku-ele-030/640/480
PRD-0124,Drift Hammock,Outdoor,161.14,USD,204,SKU-OUT-025,Navy,3.5,true,/products/product-detail/sku-out-025,https://picsum.photos/seed/sku-out-025/640/480
PRD-0125,Solstice Gym Bag,Fitness,85.57,USD,69,SKU-FIT-019,Green,4.1,true,/products/product-detail/sku-fit-019,https://picsum.photos/seed/sku-fit-019/640/480
PRD-0126,Willow Headlamp,Outdoor,30.42,USD,190,SKU-OUT-026,Silver,4.4,true,/products/product-detail/sku-out-026,https://picsum.photos/seed/sku-out-026/640/480
PRD-0127,Willow Dumbbell Set,Fitness,139.52,USD,135,SKU-FIT-020,Red,3.9,true,/products/product-detail/sku-fit-020,https://picsum.photos/seed/sku-fit-020/640/480
PRD-0128,Halcyon Cutting Board,Home,29.49,USD,215,SKU-HOM-021,Blue,4.9,true,/products/product-detail/sku-hom-021,https://picsum.photos/seed/sku-hom-021/640/480
PRD-0129,Pulse Gym Bag,Fitness,133.08,USD,102,SKU-FIT-021,Sand,3.6,true,/products/product-detail/sku-fit-021,https://picsum.photos/seed/sku-fit-021/640/480
PRD-0130,Lumen Wireless Earbuds,Electronics,52.45,USD,121,SKU-ELE-031,Navy,4.4,true,/products/product-detail/sku-ele-031,https://picsum.photos/seed/sku-ele-031/640/480
PRD-0131,Halcyon Tote Bag,Accessories,162.55,USD,4,SKU-ACC-015,Gray,4.8,true,/products/product-detail/sku-acc-015,https://picsum.photos/seed/sku-acc-015/640/480
PRD-0132,Voyager Gym Bag,Fitness,29.46,USD,313,SKU-FIT-022,Silver,4.9,true,/products/product-detail/sku-fit-022,https://picsum.photos/seed/sku-fit-022/640/480
PRD-0133,Drift Backpack,Outdoor,78.68,USD,128,SKU-OUT-027,White,4.8,true,/products/product-detail/sku-out-027,https://picsum.photos/seed/sku-out-027/640/480
PRD-0134,Nimbus Foam Roller,Fitness,78.49,USD,203,SKU-FIT-023,Blue,3.6,true,/products/product-detail/sku-fit-023,https://picsum.photos/seed/sku-fit-023/640/480
PRD-0135,Cedarwood Tent,Outdoor,93.30,USD,390,SKU-OUT-028,Beige,3.6,true,/products/product-detail/sku-out-028,https://picsum.photos/seed/sku-out-028/640/480
PRD-0136,Terra Hammock,Outdoor,6.95,USD,123,SKU-OUT-029,Silver,3.7,true,/products/product-detail/sku-out-029,https://picsum.photos/seed/sku-out-029/640/480
PRD-0137,Boreal Belt,Accessories,151.06,USD,380,SKU-ACC-016,Silver,4.3,true,/products/product-detail/sku-acc-016,https://picsum.photos/seed/sku-acc-016/640/480
PRD-0138,Alpine Cleats,Footwear,113.36,USD,299,SKU-FOO-018,Natural,4.0,true,/products/product-detail/sku-foo-018,https://picsum.photos/seed/sku-foo-018/640/480
PRD-0139,Zenith Headlamp,Outdoor,16.03,USD,73,SKU-OUT-030,Charcoal,3.7,true,/products/product-detail/sku-out-030,https://picsum.photos/seed/sku-out-030/640/480
PRD-0140,Marina Storage Bin,Home,169.01,USD,100,SKU-HOM-022,Blue,3.6,true,/products/product-detail/sku-hom-022,https://picsum.photos/seed/sku-hom-022/640/480
PRD-0141,Alpine Sandals,Footwear,73.39,USD,8,SKU-FOO-019,Olive,4.7,true,/products/product-detail/sku-foo-019,https://picsum.photos/seed/sku-foo-019/640/480
PRD-0142,Halcyon Sneakers,Footwear,89.65,USD,344,SKU-FOO-020,Sand,5.0,true,/products/product-detail/sku-foo-020,https://picsum.photos/seed/sku-foo-020/640/480
PRD-0143,Granite Duffel,Outdoor,116.10,USD,130,SKU-OUT-031,Navy,4.6,true,/products/product-detail/sku-out-031,https://picsum.photos/seed/sku-out-031/640/480
PRD-0144,Granite Mouse,Electronics,152.13,USD,282,SKU-ELE-032,Red,3.8,true,/products/product-detail/sku-ele-032,https://picsum.photos/seed/sku-ele-032/640/480
PRD-0145,Nimbus Foam Roller,Fitness,16.57,USD,103,SKU-FIT-024,Green,4.2,true,/products/product-detail/sku-fit-024,https://picsum.photos/seed/sku-fit-024/640/480
PRD-0146,Solstice Slippers,Footwear,171.07,USD,37,SKU-FOO-021,Green,4.0,true,/products/product-detail/sku-foo-021,https://picsum.photos/seed/sku-foo-021/640/480
PRD-0147,Marina Jump Rope,Fitness,138.33,USD,288,SKU-FIT-025,Red,4.4,true,/products/product-detail/sku-fit-025,https://picsum.photos/seed/sku-fit-025/640/480
PRD-0148,Boreal Sleeping Bag,Outdoor,170.55,USD,117,SKU-OUT-032,Navy,4.2,true,/products/product-detail/sku-out-032,https://picsum.photos/seed/sku-out-032/640/480
PRD-0149,Ember Loafers,Footwear,122.66,USD,187,SKU-FOO-022,Charcoal,4.7,true,/products/product-detail/sku-foo-022,https://picsum.photos/seed/sku-foo-022/640/480
PRD-0150,Fable Cooler,Outdoor,15.75,USD,394,SKU-OUT-033,Blue,4.8,true,/products/product-detail/sku-out-033,https://picsum.photos/seed/sku-out-033/640/480
PRD-0151,Quartz USB-C Cable,Electronics,145.32,USD,352,SKU-ELE-033,Olive,3.6,true,/products/product-detail/sku-ele-033,https://picsum.photos/seed/sku-ele-033/640/480
PRD-0152,Coral Wallet,Accessories,149.64,USD,148,SKU-ACC-017,Green,3.6,true,/products/product-detail/sku-acc-017,https://picsum.photos/seed/sku-acc-017/640/480
PRD-0153,Terra Picture Frame,Home,158.14,USD,165,SKU-HOM-023,Green,4.8,true,/products/product-detail/sku-hom-023,https://picsum.photos/seed/sku-hom-023/640/480
PRD-0154,Cedarwood Loafers,Footwear,119.63,USD,375,SKU-FOO-023,Beige,3.5,true,/products/product-detail/sku-foo-023,https://picsum.photos/seed/sku-foo-023/640/480
PRD-0155,Coral Dumbbell Set,Fitness,40.76,USD,285,SKU-FIT-026,Silver,3.6,true,/products/product-detail/sku-fit-026,https://picsum.photos/seed/sku-fit-026/640/480
PRD-0156,Onyx Dumbbell Set,Fitness,159.24,USD,369,SKU-FIT-027,Silver,4.4,true,/products/product-detail/sku-fit-027,https://picsum.photos/seed/sku-fit-027/640/480
PRD-0157,Ember Headlamp,Outdoor,77.25,USD,152,SKU-OUT-034,Green,3.9,true,/products/product-detail/sku-out-034,https://picsum.photos/seed/sku-out-034/640/480
PRD-0158,Terra Mouse,Electronics,169.75,USD,166,SKU-ELE-034,Red,4.6,true,/products/product-detail/sku-ele-034,https://picsum.photos/seed/sku-ele-034/640/480
PRD-0159,Voyager Fitness Tracker,Fitness,197.80,USD,172,SKU-FIT-028,Gray,4.8,true,/products/product-detail/sku-fit-028,https://picsum.photos/seed/sku-fit-028/640/480
PRD-0160,Marina Yoga Mat,Fitness,196.92,USD,51,SKU-FIT-029,Charcoal,4.8,true,/products/product-detail/sku-fit-029,https://picsum.photos/seed/sku-fit-029/640/480
PRD-0161,Meridian Yoga Mat,Fitness,130.38,USD,157,SKU-FIT-030,Navy,4.9,true,/products/product-detail/sku-fit-030,https://picsum.photos/seed/sku-fit-030/640/480
PRD-0162,Boreal Webcam,Electronics,62.58,USD,341,SKU-ELE-035,Green,4.6,true,/products/product-detail/sku-ele-035,https://picsum.photos/seed/sku-ele-035/640/480
PRD-0163,Nimbus Fitness Tracker,Fitness,72.38,USD,38,SKU-FIT-031,Green,4.3,true,/products/product-detail/sku-fit-031,https://picsum.photos/seed/sku-fit-031/640/480
PRD-0164,Meridian Cutting Board,Home,101.39,USD,225,SKU-HOM-024,Gray,4.4,true,/products/product-detail/sku-hom-024,https://picsum.photos/seed/sku-hom-024/640/480
PRD-0165,Pulse Fitness Tracker,Fitness,127.33,USD,42,SKU-FIT-032,Navy,3.5,true,/products/product-detail/sku-fit-032,https://picsum.photos/seed/sku-fit-032/640/480
PRD-0166,Pulse Hat,Accessories,77.39,USD,79,SKU-ACC-018,Red,4.0,true,/products/product-detail/sku-acc-018,https://picsum.photos/seed/sku-acc-018/640/480
PRD-0167,Nimbus Cleats,Footwear,66.53,USD,337,SKU-FOO-024,Charcoal,4.5,true,/products/product-detail/sku-foo-024,https://picsum.photos/seed/sku-foo-024/640/480
PRD-0168,Ember Candle,Home,180.79,USD,42,SKU-HOM-025,Charcoal,4.5,true,/products/product-detail/sku-hom-025,https://picsum.photos/seed/sku-hom-025/640/480
PRD-0169,Solstice Hammock,Outdoor,195.71,USD,142,SKU-OUT-035,Beige,3.7,true,/products/product-detail/sku-out-035,https://picsum.photos/seed/sku-out-035/640/480
PRD-0170,Granite Rain Boots,Footwear,9.55,USD,58,SKU-FOO-025,Maroon,3.5,true,/products/product-detail/sku-foo-025,https://picsum.photos/seed/sku-foo-025/640/480
PRD-0171,Lumen Belt,Accessories,11.72,USD,308,SKU-ACC-019,Sand,4.4,true,/products/product-detail/sku-acc-019,https://picsum.photos/seed/sku-acc-019/640/480
PRD-0172,Boreal Water Bottle,Fitness,21.07,USD,193,SKU-FIT-033,Charcoal,4.7,true,/products/product-detail/sku-fit-033,https://picsum.photos/seed/sku-fit-033/640/480
PRD-0173,Solstice Keyboard,Electronics,109.20,USD,157,SKU-ELE-036,Olive,4.4,true,/products/product-detail/sku-ele-036,https://picsum.photos/seed/sku-ele-036/640/480
PRD-0174,Fable Bluetooth Speaker,Electronics,188.86,USD,6,SKU-ELE-037,Maroon,4.6,true,/products/product-detail/sku-ele-037,https://picsum.photos/seed/sku-ele-037/640/480
PRD-0175,Aurora Rain Boots,Footwear,122.22,USD,198,SKU-FOO-026,Black,4.0,true,/products/product-detail/sku-foo-026,https://picsum.photos/seed/sku-foo-026/640/480
PRD-0176,Meridian Running Shoes,Footwear,154.24,USD,199,SKU-FOO-027,Beige,4.0,true,/products/product-detail/sku-foo-027,https://picsum.photos/seed/sku-foo-027/640/480
PRD-0177,Aurora Power Bank,Electronics,110.97,USD,303,SKU-ELE-038,Black,4.9,true,/products/product-detail/sku-ele-038,https://picsum.photos/seed/sku-ele-038/640/480
PRD-0178,Boreal USB-C Cable,Electronics,92.93,USD,125,SKU-ELE-039,Silver,4.4,true,/products/product-detail/sku-ele-039,https://picsum.photos/seed/sku-ele-039/640/480
PRD-0179,Terra Slippers,Footwear,128.41,USD,151,SKU-FOO-028,Green,3.6,true,/products/product-detail/sku-foo-028,https://picsum.photos/seed/sku-foo-028/640/480
PRD-0180,Meridian Power Bank,Electronics,151.79,USD,366,SKU-ELE-040,Red,3.8,true,/products/product-detail/sku-ele-040,https://picsum.photos/seed/sku-ele-040/640/480
PRD-0181,Aurora Candle,Home,111.94,USD,339,SKU-HOM-026,Red,4.4,true,/products/product-detail/sku-hom-026,https://picsum.photos/seed/sku-hom-026/640/480
PRD-0182,Granite Sneakers,Footwear,15.46,USD,380,SKU-FOO-029,White,4.7,true,/products/product-detail/sku-foo-029,https://picsum.photos/seed/sku-foo-029/640/480
PRD-0183,Vortex Throw Blanket,Home,100.08,USD,162,SKU-HOM-027,Navy,4.1,true,/products/product-detail/sku-hom-027,https://picsum.photos/seed/sku-hom-027/640/480
PRD-0184,Vortex Picture Frame,Home,162.99,USD,9,SKU-HOM-028,Olive,3.6,true,/products/product-detail/sku-hom-028,https://picsum.photos/seed/sku-hom-028/640/480
PRD-0185,Halcyon Slippers,Footwear,189.14,USD,53,SKU-FOO-030,Maroon,4.2,true,/products/product-detail/sku-foo-030,https://picsum.photos/seed/sku-foo-030/640/480
PRD-0186,Quartz Belt,Accessories,134.59,USD,56,SKU-ACC-020,Red,4.1,true,/products/product-detail/sku-acc-020,https://picsum.photos/seed/sku-acc-020/640/480
PRD-0187,Ember Running Shoes,Footwear,34.85,USD,299,SKU-FOO-031,Charcoal,3.7,true,/products/product-detail/sku-foo-031,https://picsum.photos/seed/sku-foo-031/640/480
PRD-0188,Terra Cleats,Footwear,48.20,USD,336,SKU-FOO-032,Charcoal,4.8,true,/products/product-detail/sku-foo-032,https://picsum.photos/seed/sku-foo-032/640/480
PRD-0189,Lumen Loafers,Footwear,44.06,USD,17,SKU-FOO-033,White,3.9,true,/products/product-detail/sku-foo-033,https://picsum.photos/seed/sku-foo-033/640/480
PRD-0190,Ember Trekking Poles,Outdoor,101.25,USD,378,SKU-OUT-036,Natural,4.3,true,/products/product-detail/sku-out-036,https://picsum.photos/seed/sku-out-036/640/480
PRD-0191,Zenith Rain Boots,Footwear,161.40,USD,395,SKU-FOO-034,Sand,3.5,true,/products/product-detail/sku-foo-034,https://picsum.photos/seed/sku-foo-034/640/480
PRD-0192,Willow Running Shoes,Footwear,7.24,USD,9,SKU-FOO-035,White,4.7,true,/products/product-detail/sku-foo-035,https://picsum.photos/seed/sku-foo-035/640/480
PRD-0193,Vortex Tote Bag,Accessories,150.95,USD,211,SKU-ACC-021,Beige,4.0,true,/products/product-detail/sku-acc-021,https://picsum.photos/seed/sku-acc-021/640/480
PRD-0194,Fable Yoga Mat,Fitness,122.48,USD,199,SKU-FIT-034,Gray,4.7,true,/products/product-detail/sku-fit-034,https://picsum.photos/seed/sku-fit-034/640/480
PRD-0195,Halcyon Tote Bag,Accessories,7.89,USD,1,SKU-ACC-022,Red,4.8,true,/products/product-detail/sku-acc-022,https://picsum.photos/seed/sku-acc-022/640/480
PRD-0196,Onyx Running Shoes,Footwear,167.70,USD,165,SKU-FOO-036,Gray,4.0,true,/products/product-detail/sku-foo-036,https://picsum.photos/seed/sku-foo-036/640/480
PRD-0197,Marina Backpack,Outdoor,110.19,USD,112,SKU-OUT-037,Silver,3.7,true,/products/product-detail/sku-out-037,https://picsum.photos/seed/sku-out-037/640/480
PRD-0198,Lumen Smartwatch Band,Electronics,29.75,USD,359,SKU-ELE-041,Olive,4.3,true,/products/product-detail/sku-ele-041,https://picsum.photos/seed/sku-ele-041/640/480
PRD-0199,Quartz Wireless Earbuds,Electronics,135.24,USD,208,SKU-ELE-042,Sand,4.3,true,/products/product-detail/sku-ele-042,https://picsum.photos/seed/sku-ele-042/640/480
PRD-0200,Pulse Keyboard,Electronics,108.28,USD,102,SKU-ELE-043,Natural,4.9,true,/products/product-detail/sku-ele-043,https://picsum.photos/seed/sku-ele-043/640/480
PRD-0201,Quartz Keyboard,Electronics,56.58,USD,248,SKU-ELE-044,Green,4.5,true,/products/product-detail/sku-ele-044,https://picsum.photos/seed/sku-ele-044/640/480
PRD-0202,Boreal Loafers,Footwear,37.34,USD,305,SKU-FOO-037,Teal,4.7,true,/products/product-detail/sku-foo-037,https://picsum.photos/seed/sku-foo-037/640/480
PRD-0203,Flexfit Sandals,Footwear,100.50,USD,136,SKU-FOO-038,Green,3.7,true,/products/product-detail/sku-foo-038,https://picsum.photos/seed/sku-foo-038/640/480
PRD-0204,Pulse Rain Boots,Footwear,72.13,USD,37,SKU-FOO-039,White,3.6,true,/products/product-detail/sku-foo-039,https://picsum.photos/seed/sku-foo-039/640/480
PRD-0205,Vortex Wallet,Accessories,52.74,USD,23,SKU-ACC-023,Natural,3.5,true,/products/product-detail/sku-acc-023,https://picsum.photos/seed/sku-acc-023/640/480
PRD-0206,Alpine Sandals,Footwear,70.61,USD,180,SKU-FOO-040,White,4.5,true,/products/product-detail/sku-foo-040,https://picsum.photos/seed/sku-foo-040/640/480
PRD-0207,Terra Hiking Boots,Footwear,60.14,USD,92,SKU-FOO-041,Red,4.7,true,/products/product-detail/sku-foo-041,https://picsum.photos/seed/sku-foo-041/640/480
PRD-0208,Willow Resistance Bands,Fitness,165.18,USD,129,SKU-FIT-035,Teal,3.8,true,/products/product-detail/sku-fit-035,https://picsum.photos/seed/sku-fit-035/640/480
PRD-0209,Solstice Rug,Home,197.34,USD,201,SKU-HOM-029,Natural,4.0,true,/products/product-detail/sku-hom-029,https://picsum.photos/seed/sku-hom-029/640/480
PRD-0210,Willow Storage Bin,Home,199.37,USD,379,SKU-HOM-030,Teal,4.6,true,/products/product-detail/sku-hom-030,https://picsum.photos/seed/sku-hom-030/640/480
PRD-0211,Aurora Dumbbell Set,Fitness,163.42,USD,190,SKU-FIT-036,Black,3.8,true,/products/product-detail/sku-fit-036,https://picsum.photos/seed/sku-fit-036/640/480
PRD-0212,Cedarwood Mouse,Electronics,74.46,USD,165,SKU-ELE-045,Gray,3.8,true,/products/product-detail/sku-ele-045,https://picsum.photos/seed/sku-ele-045/640/480
PRD-0213,Pulse Tent,Outdoor,83.56,USD,66,SKU-OUT-038,Beige,4.7,true,/products/product-detail/sku-out-038,https://picsum.photos/seed/sku-out-038/640/480
PRD-0214,Meridian Throw Blanket,Home,31.21,USD,172,SKU-HOM-031,Black,4.9,true,/products/product-detail/sku-hom-031,https://picsum.photos/seed/sku-hom-031/640/480
PRD-0215,Pulse Bluetooth Speaker,Electronics,75.71,USD,39,SKU-ELE-046,Black,3.7,true,/products/product-detail/sku-ele-046,https://picsum.photos/seed/sku-ele-046/640/480
PRD-0216,Granite Cleats,Footwear,86.46,USD,317,SKU-FOO-042,Black,4.7,true,/products/product-detail/sku-foo-042,https://picsum.photos/seed/sku-foo-042/640/480
PRD-0217,Meridian Slippers,Footwear,142.30,USD,42,SKU-FOO-043,Teal,4.0,true,/products/product-detail/sku-foo-043,https://picsum.photos/seed/sku-foo-043/640/480
PRD-0218,Cascade Cutting Board,Home,184.85,USD,191,SKU-HOM-032,Natural,5.0,true,/products/product-detail/sku-hom-032,https://picsum.photos/seed/sku-hom-032/640/480
PRD-0219,Nimbus Hiking Boots,Footwear,191.83,USD,302,SKU-FOO-044,Silver,4.7,true,/products/product-detail/sku-foo-044,https://picsum.photos/seed/sku-foo-044/640/480
PRD-0220,Willow Picture Frame,Home,90.44,USD,167,SKU-HOM-033,Maroon,4.0,true,/products/product-detail/sku-hom-033,https://picsum.photos/seed/sku-hom-033/640/480
PRD-0221,Coral Fitness Tracker,Fitness,190.61,USD,186,SKU-FIT-037,Sand,4.6,true,/products/product-detail/sku-fit-037,https://picsum.photos/seed/sku-fit-037/640/480
PRD-0222,Drift Trekking Poles,Outdoor,188.42,USD,385,SKU-OUT-039,Olive,4.5,true,/products/product-detail/sku-out-039,https://picsum.photos/seed/sku-out-039/640/480
PRD-0223,Meridian Desk Lamp,Home,54.38,USD,113,SKU-HOM-034,Teal,4.8,true,/products/product-detail/sku-hom-034,https://picsum.photos/seed/sku-hom-034/640/480
PRD-0224,Halcyon Tote Bag,Accessories,76.76,USD,391,SKU-ACC-024,Charcoal,4.0,true,/products/product-detail/sku-acc-024,https://picsum.photos/seed/sku-acc-024/640/480
PRD-0225,Cedarwood Sneakers,Footwear,59.97,USD,134,SKU-FOO-045,Natural,4.0,true,/products/product-detail/sku-foo-045,https://picsum.photos/seed/sku-foo-045/640/480
PRD-0226,Drift Hammock,Outdoor,17.86,USD,247,SKU-OUT-040,Natural,4.6,true,/products/product-detail/sku-out-040,https://picsum.photos/seed/sku-out-040/640/480
PRD-0227,Vortex Loafers,Footwear,22.04,USD,372,SKU-FOO-046,Maroon,4.4,true,/products/product-detail/sku-foo-046,https://picsum.photos/seed/sku-foo-046/640/480
PRD-0228,Quartz Wallet,Accessories,180.24,USD,316,SKU-ACC-025,Black,4.4,true,/products/product-detail/sku-acc-025,https://picsum.photos/seed/sku-acc-025/640/480
PRD-0229,Ember Bluetooth Speaker,Electronics,159.64,USD,136,SKU-ELE-047,Red,5.0,true,/products/product-detail/sku-ele-047,https://picsum.photos/seed/sku-ele-047/640/480
PRD-0230,Pulse Tote Bag,Accessories,10.20,USD,98,SKU-ACC-026,Maroon,4.3,true,/products/product-detail/sku-acc-026,https://picsum.photos/seed/sku-acc-026/640/480
PRD-0231,Zenith Throw Blanket,Home,142.97,USD,97,SKU-HOM-035,Gray,4.3,true,/products/product-detail/sku-hom-035,https://picsum.photos/seed/sku-hom-035/640/480
PRD-0232,Cascade Watch,Accessories,73.48,USD,146,SKU-ACC-027,Silver,4.2,true,/products/product-detail/sku-acc-027,https://picsum.photos/seed/sku-acc-027/640/480
PRD-0233,Vortex Candle,Home,24.99,USD,333,SKU-HOM-036,Gray,3.5,true,/products/product-detail/sku-hom-036,https://picsum.photos/seed/sku-hom-036/640/480
PRD-0234,Alpine Wallet,Accessories,126.92,USD,243,SKU-ACC-028,Gray,3.5,true,/products/product-detail/sku-acc-028,https://picsum.photos/seed/sku-acc-028/640/480
PRD-0235,Voyager Fitness Tracker,Fitness,133.11,USD,244,SKU-FIT-038,Maroon,3.7,true,/products/product-detail/sku-fit-038,https://picsum.photos/seed/sku-fit-038/640/480
PRD-0236,Drift Resistance Bands,Fitness,50.17,USD,246,SKU-FIT-039,White,4.9,true,/products/product-detail/sku-fit-039,https://picsum.photos/seed/sku-fit-039/640/480
PRD-0237,Solstice Jump Rope,Fitness,115.84,USD,322,SKU-FIT-040,Black,4.9,true,/products/product-detail/sku-fit-040,https://picsum.photos/seed/sku-fit-040/640/480
PRD-0238,Nimbus Tote Bag,Accessories,127.29,USD,396,SKU-ACC-029,Sand,4.8,true,/products/product-detail/sku-acc-029,https://picsum.photos/seed/sku-acc-029/640/480
PRD-0239,Fable Throw Blanket,Home,69.48,USD,202,SKU-HOM-037,White,3.9,true,/products/product-detail/sku-hom-037,https://picsum.photos/seed/sku-hom-037/640/480
PRD-0240,Halcyon Headlamp,Outdoor,93.46,USD,300,SKU-OUT-041,Beige,3.8,true,/products/product-detail/sku-out-041,https://picsum.photos/seed/sku-out-041/640/480
PRD-0241,Meridian Sleeping Bag,Outdoor,39.77,USD,170,SKU-OUT-042,Natural,4.4,true,/products/product-detail/sku-out-042,https://picsum.photos/seed/sku-out-042/640/480
PRD-0242,Zenith Foam Roller,Fitness,66.66,USD,168,SKU-FIT-041,Maroon,4.9,true,/products/product-detail/sku-fit-041,https://picsum.photos/seed/sku-fit-041/640/480
PRD-0243,Quartz Cleats,Footwear,43.56,USD,143,SKU-FOO-047,Silver,4.6,true,/products/product-detail/sku-foo-047,https://picsum.photos/seed/sku-foo-047/640/480
PRD-0244,Quartz Throw Blanket,Home,49.29,USD,332,SKU-HOM-038,Charcoal,3.9,true,/products/product-detail/sku-hom-038,https://picsum.photos/seed/sku-hom-038/640/480
PRD-0245,Quartz Webcam,Electronics,25.48,USD,111,SKU-ELE-048,Olive,4.7,true,/products/product-detail/sku-ele-048,https://picsum.photos/seed/sku-ele-048/640/480
PRD-0246,Zenith Duffel,Outdoor,144.87,USD,219,SKU-OUT-043,Black,4.1,true,/products/product-detail/sku-out-043,https://picsum.photos/seed/sku-out-043/640/480
PRD-0247,Zenith Phone Case,Accessories,139.62,USD,49,SKU-ACC-030,Gray,4.6,true,/products/product-detail/sku-acc-030,https://picsum.photos/seed/sku-acc-030/640/480
PRD-0248,Terra USB-C Cable,Electronics,124.69,USD,398,SKU-ELE-049,Navy,4.7,true,/products/product-detail/sku-ele-049,https://picsum.photos/seed/sku-ele-049/640/480
PRD-0249,Cedarwood Dumbbell Set,Fitness,186.14,USD,94,SKU-FIT-042,Gray,3.9,true,/products/product-detail/sku-fit-042,https://picsum.photos/seed/sku-fit-042/640/480
PRD-0250,Nimbus Headlamp,Outdoor,99.49,USD,86,SKU-OUT-044,Navy,4.9,true,/products/product-detail/sku-out-044,https://picsum.photos/seed/sku-out-044/640/480
PRD-0251,Boreal Picture Frame,Home,153.02,USD,194,SKU-HOM-039,Silver,4.7,true,/products/product-detail/sku-hom-039,https://picsum.photos/seed/sku-hom-039/640/480
PRD-0252,Granite Candle,Home,151.13,USD,135,SKU-HOM-040,Silver,3.7,true,/products/product-detail/sku-hom-040,https://picsum.photos/seed/sku-hom-040/640/480
PRD-0253,Fable Smartwatch Band,Electronics,107.66,USD,12,SKU-ELE-050,Sand,4.7,true,/products/product-detail/sku-ele-050,https://picsum.photos/seed/sku-ele-050/640/480
PRD-0254,Alpine Resistance Bands,Fitness,94.24,USD,268,SKU-FIT-043,Maroon,4.8,true,/products/product-detail/sku-fit-043,https://picsum.photos/seed/sku-fit-043/640/480
PRD-0255,Pulse Duffel,Outdoor,23.59,USD,309,SKU-OUT-045,Gray,4.9,true,/products/product-detail/sku-out-045,https://picsum.photos/seed/sku-out-045/640/480
PRD-0256,Nimbus Duffel,Outdoor,147.89,USD,192,SKU-OUT-046,Maroon,3.9,true,/products/product-detail/sku-out-046,https://picsum.photos/seed/sku-out-046/640/480
PRD-0257,Flexfit Headlamp,Outdoor,127.09,USD,185,SKU-OUT-047,Red,4.6,true,/products/product-detail/sku-out-047,https://picsum.photos/seed/sku-out-047/640/480
PRD-0258,Marina Sandals,Footwear,177.26,USD,181,SKU-FOO-048,White,4.4,true,/products/product-detail/sku-foo-048,https://picsum.photos/seed/sku-foo-048/640/480
PRD-0259,Alpine Resistance Bands,Fitness,8.91,USD,194,SKU-FIT-044,White,3.9,true,/products/product-detail/sku-fit-044,https://picsum.photos/seed/sku-fit-044/640/480
PRD-0260,Zenith Storage Bin,Home,40.32,USD,312,SKU-HOM-041,Green,4.2,true,/products/product-detail/sku-hom-041,https://picsum.photos/seed/sku-hom-041/640/480
PRD-0261,Coral Tote Bag,Accessories,10.89,USD,119,SKU-ACC-031,Maroon,3.5,true,/products/product-detail/sku-acc-031,https://picsum.photos/seed/sku-acc-031/640/480
PRD-0262,Flexfit Fitness Tracker,Fitness,64.47,USD,384,SKU-FIT-045,Beige,4.5,true,/products/product-detail/sku-fit-045,https://picsum.photos/seed/sku-fit-045/640/480
PRD-0263,Nimbus Jump Rope,Fitness,12.68,USD,216,SKU-FIT-046,Charcoal,4.8,true,/products/product-detail/sku-fit-046,https://picsum.photos/seed/sku-fit-046/640/480
PRD-0264,Drift Rug,Home,93.24,USD,89,SKU-HOM-042,Natural,3.7,true,/products/product-detail/sku-hom-042,https://picsum.photos/seed/sku-hom-042/640/480
PRD-0265,Fable USB-C Cable,Electronics,103.34,USD,328,SKU-ELE-051,Natural,4.0,true,/products/product-detail/sku-ele-051,https://picsum.photos/seed/sku-ele-051/640/480
PRD-0266,Pulse Resistance Bands,Fitness,27.92,USD,264,SKU-FIT-047,Olive,4.9,true,/products/product-detail/sku-fit-047,https://picsum.photos/seed/sku-fit-047/640/480
PRD-0267,Ember Watch,Accessories,18.06,USD,59,SKU-ACC-032,Gray,4.8,true,/products/product-detail/sku-acc-032,https://picsum.photos/seed/sku-acc-032/640/480
PRD-0268,Zenith Wireless Earbuds,Electronics,109.26,USD,393,SKU-ELE-052,Maroon,4.0,true,/products/product-detail/sku-ele-052,https://picsum.photos/seed/sku-ele-052/640/480
PRD-0269,Aurora Keyboard,Electronics,69.80,USD,22,SKU-ELE-053,White,4.3,true,/products/product-detail/sku-ele-053,https://picsum.photos/seed/sku-ele-053/640/480
PRD-0270,Lumen Rain Boots,Footwear,159.09,USD,394,SKU-FOO-049,White,3.7,true,/products/product-detail/sku-foo-049,https://picsum.photos/seed/sku-foo-049/640/480
PRD-0271,Ember Foam Roller,Fitness,65.97,USD,147,SKU-FIT-048,Gray,4.1,true,/products/product-detail/sku-fit-048,https://picsum.photos/seed/sku-fit-048/640/480
PRD-0272,Ember Resistance Bands,Fitness,122.06,USD,256,SKU-FIT-049,Red,4.4,true,/products/product-detail/sku-fit-049,https://picsum.photos/seed/sku-fit-049/640/480
PRD-0273,Flexfit Dumbbell Set,Fitness,110.09,USD,262,SKU-FIT-050,Silver,4.8,true,/products/product-detail/sku-fit-050,https://picsum.photos/seed/sku-fit-050/640/480
PRD-0274,Willow Bluetooth Speaker,Electronics,152.23,USD,355,SKU-ELE-054,Black,4.5,true,/products/product-detail/sku-ele-054,https://picsum.photos/seed/sku-ele-054/640/480
PRD-0275,Voyager Foam Roller,Fitness,168.45,USD,135,SKU-FIT-051,Natural,3.7,true,/products/product-detail/sku-fit-051,https://picsum.photos/seed/sku-fit-051/640/480
PRD-0276,Marina Slippers,Footwear,49.80,USD,29,SKU-FOO-050,Black,4.9,true,/products/product-detail/sku-foo-050,https://picsum.photos/seed/sku-foo-050/640/480
PRD-0277,Lumen Running Shoes,Footwear,156.80,USD,184,SKU-FOO-051,Maroon,4.8,true,/products/product-detail/sku-foo-051,https://picsum.photos/seed/sku-foo-051/640/480
PRD-0278,Vortex Rain Boots,Footwear,192.72,USD,23,SKU-FOO-052,Sand,4.8,true,/products/product-detail/sku-foo-052,https://picsum.photos/seed/sku-foo-052/640/480
PRD-0279,Flexfit Gym Bag,Fitness,156.98,USD,61,SKU-FIT-052,White,3.9,true,/products/product-detail/sku-fit-052,https://picsum.photos/seed/sku-fit-052/640/480
PRD-0280,Cascade Sandals,Footwear,63.41,USD,2,SKU-FOO-053,Silver,4.9,true,/products/product-detail/sku-foo-053,https://picsum.photos/seed/sku-foo-053/640/480
PRD-0281,Pulse Wallet,Accessories,178.63,USD,288,SKU-ACC-033,Olive,4.8,true,/products/product-detail/sku-acc-033,https://picsum.photos/seed/sku-acc-033/640/480
PRD-0282,Cedarwood Resistance Bands,Fitness,25.37,USD,326,SKU-FIT-053,Gray,4.7,true,/products/product-detail/sku-fit-053,https://picsum.photos/seed/sku-fit-053/640/480
PRD-0283,Aurora Phone Case,Accessories,50.81,USD,174,SKU-ACC-034,Teal,4.8,true,/products/product-detail/sku-acc-034,https://picsum.photos/seed/sku-acc-034/640/480
PRD-0284,Cedarwood Tote Bag,Accessories,109.91,USD,97,SKU-ACC-035,Teal,3.5,true,/products/product-detail/sku-acc-035,https://picsum.photos/seed/sku-acc-035/640/480
PRD-0285,Meridian Cleats,Footwear,28.73,USD,390,SKU-FOO-054,Beige,4.1,true,/products/product-detail/sku-foo-054,https://picsum.photos/seed/sku-foo-054/640/480
PRD-0286,Pulse Cutting Board,Home,102.77,USD,267,SKU-HOM-043,Maroon,4.4,true,/products/product-detail/sku-hom-043,https://picsum.photos/seed/sku-hom-043/640/480
PRD-0287,Flexfit Hammock,Outdoor,165.33,USD,216,SKU-OUT-048,Olive,3.8,true,/products/product-detail/sku-out-048,https://picsum.photos/seed/sku-out-048/640/480
PRD-0288,Meridian Mug Set,Home,150.80,USD,220,SKU-HOM-044,Silver,3.6,true,/products/product-detail/sku-hom-044,https://picsum.photos/seed/sku-hom-044/640/480
PRD-0289,Boreal Trekking Poles,Outdoor,8.03,USD,248,SKU-OUT-049,Blue,4.9,true,/products/product-detail/sku-out-049,https://picsum.photos/seed/sku-out-049/640/480
PRD-0290,Terra Resistance Bands,Fitness,133.63,USD,212,SKU-FIT-054,Black,4.0,true,/products/product-detail/sku-fit-054,https://picsum.photos/seed/sku-fit-054/640/480
PRD-0291,Aurora Slippers,Footwear,180.34,USD,182,SKU-FOO-055,White,4.6,true,/products/product-detail/sku-foo-055,https://picsum.photos/seed/sku-foo-055/640/480
PRD-0292,Boreal Cutting Board,Home,140.33,USD,84,SKU-HOM-045,Red,4.8,true,/products/product-detail/sku-hom-045,https://picsum.photos/seed/sku-hom-045/640/480
PRD-0293,Cascade Duffel,Outdoor,193.56,USD,51,SKU-OUT-050,Silver,4.1,true,/products/product-detail/sku-out-050,https://picsum.photos/seed/sku-out-050/640/480
PRD-0294,Zenith Gym Bag,Fitness,101.09,USD,243,SKU-FIT-055,Blue,3.8,true,/products/product-detail/sku-fit-055,https://picsum.photos/seed/sku-fit-055/640/480
PRD-0295,Nimbus Picture Frame,Home,93.44,USD,142,SKU-HOM-046,Red,4.0,true,/products/product-detail/sku-hom-046,https://picsum.photos/seed/sku-hom-046/640/480
PRD-0296,Cascade Resistance Bands,Fitness,133.88,USD,100,SKU-FIT-056,White,3.8,true,/products/product-detail/sku-fit-056,https://picsum.photos/seed/sku-fit-056/640/480
PRD-0297,Meridian Keyboard,Electronics,91.81,USD,370,SKU-ELE-055,Black,4.1,true,/products/product-detail/sku-ele-055,https://picsum.photos/seed/sku-ele-055/640/480
PRD-0298,Alpine Slippers,Footwear,46.09,USD,387,SKU-FOO-056,Natural,3.8,true,/products/product-detail/sku-foo-056,https://picsum.photos/seed/sku-foo-056/640/480
PRD-0299,Terra Loafers,Footwear,133.32,USD,327,SKU-FOO-057,Maroon,4.7,true,/products/product-detail/sku-foo-057,https://picsum.photos/seed/sku-foo-057/640/480
PRD-0300,Halcyon Jump Rope,Fitness,136.25,USD,129,SKU-FIT-057,Green,4.0,true,/products/product-detail/sku-fit-057,https://picsum.photos/seed/sku-fit-057/640/480
PRD-0301,Nimbus Sleeping Bag,Outdoor,177.04,USD,387,SKU-OUT-051,Black,4.0,true,/products/product-detail/sku-out-051,https://picsum.photos/seed/sku-out-051/640/480
PRD-0302,Quartz Sleeping Bag,Outdoor,175.65,USD,297,SKU-OUT-052,Beige,5.0,true,/products/product-detail/sku-out-052,https://picsum.photos/seed/sku-out-052/640/480
PRD-0303,Marina Cleats,Footwear,23.15,USD,288,SKU-FOO-058,Red,4.8,true,/products/product-detail/sku-foo-058,https://picsum.photos/seed/sku-foo-058/640/480
PRD-0304,Halcyon Rug,Home,80.04,USD,108,SKU-HOM-047,Beige,4.7,true,/products/product-detail/sku-hom-047,https://picsum.photos/seed/sku-hom-047/640/480
PRD-0305,Flexfit Loafers,Footwear,49.61,USD,377,SKU-FOO-059,Beige,4.6,true,/products/product-detail/sku-foo-059,https://picsum.photos/seed/sku-foo-059/640/480
PRD-0306,Quartz Belt,Accessories,126.26,USD,12,SKU-ACC-036,Gray,4.9,true,/products/product-detail/sku-acc-036,https://picsum.photos/seed/sku-acc-036/640/480
PRD-0307,Solstice Power Bank,Electronics,128.83,USD,317,SKU-ELE-056,Green,4.1,true,/products/product-detail/sku-ele-056,https://picsum.photos/seed/sku-ele-056/640/480
PRD-0308,Aurora Rug,Home,128.95,USD,133,SKU-HOM-048,Maroon,5.0,true,/products/product-detail/sku-hom-048,https://picsum.photos/seed/sku-hom-048/640/480
PRD-0309,Boreal Power Bank,Electronics,39.34,USD,69,SKU-ELE-057,Silver,4.2,true,/products/product-detail/sku-ele-057,https://picsum.photos/seed/sku-ele-057/640/480
PRD-0310,Vortex Storage Bin,Home,112.18,USD,180,SKU-HOM-049,Maroon,3.6,true,/products/product-detail/sku-hom-049,https://picsum.photos/seed/sku-hom-049/640/480
PRD-0311,Cascade Picture Frame,Home,7.42,USD,334,SKU-HOM-050,Beige,4.4,true,/products/product-detail/sku-hom-050,https://picsum.photos/seed/sku-hom-050/640/480
PRD-0312,Vortex Mouse,Electronics,136.14,USD,24,SKU-ELE-058,Blue,4.0,true,/products/product-detail/sku-ele-058,https://picsum.photos/seed/sku-ele-058/640/480
PRD-0313,Onyx Jump Rope,Fitness,13.83,USD,65,SKU-FIT-058,Teal,4.6,true,/products/product-detail/sku-fit-058,https://picsum.photos/seed/sku-fit-058/640/480
PRD-0314,Flexfit Sandals,Footwear,58.78,USD,144,SKU-FOO-060,Red,4.2,true,/products/product-detail/sku-foo-060,https://picsum.photos/seed/sku-foo-060/640/480
PRD-0315,Nimbus Watch,Accessories,10.40,USD,246,SKU-ACC-037,Blue,4.2,true,/products/product-detail/sku-acc-037,https://picsum.photos/seed/sku-acc-037/640/480
PRD-0316,Vortex Loafers,Footwear,12.52,USD,338,SKU-FOO-061,Green,4.0,true,/products/product-detail/sku-foo-061,https://picsum.photos/seed/sku-foo-061/640/480
PRD-0317,Pulse Sandals,Footwear,71.77,USD,332,SKU-FOO-062,Natural,4.4,true,/products/product-detail/sku-foo-062,https://picsum.photos/seed/sku-foo-062/640/480
PRD-0318,Solstice Dumbbell Set,Fitness,35.87,USD,300,SKU-FIT-059,Blue,4.7,true,/products/product-detail/sku-fit-059,https://picsum.photos/seed/sku-fit-059/640/480
PRD-0319,Aurora Webcam,Electronics,92.01,USD,166,SKU-ELE-059,Teal,4.6,true,/products/product-detail/sku-ele-059,https://picsum.photos/seed/sku-ele-059/640/480
PRD-0320,Vortex Hammock,Outdoor,30.14,USD,63,SKU-OUT-053,Blue,4.8,true,/products/product-detail/sku-out-053,https://picsum.photos/seed/sku-out-053/640/480
PRD-0321,Boreal Scarf,Accessories,196.31,USD,152,SKU-ACC-038,Blue,3.9,true,/products/product-detail/sku-acc-038,https://picsum.photos/seed/sku-acc-038/640/480
PRD-0322,Aurora Picture Frame,Home,41.05,USD,315,SKU-HOM-051,Red,4.9,true,/products/product-detail/sku-hom-051,https://picsum.photos/seed/sku-hom-051/640/480
PRD-0323,Cedarwood Dumbbell Set,Fitness,112.64,USD,104,SKU-FIT-060,White,3.8,true,/products/product-detail/sku-fit-060,https://picsum.photos/seed/sku-fit-060/640/480
PRD-0324,Willow Trekking Poles,Outdoor,85.47,USD,171,SKU-OUT-054,Teal,4.6,true,/products/product-detail/sku-out-054,https://picsum.photos/seed/sku-out-054/640/480
PRD-0325,Drift Jump Rope,Fitness,38.39,USD,351,SKU-FIT-061,Gray,4.6,true,/products/product-detail/sku-fit-061,https://picsum.photos/seed/sku-fit-061/640/480
PRD-0326,Zenith Cooler,Outdoor,108.02,USD,22,SKU-OUT-055,Blue,4.3,true,/products/product-detail/sku-out-055,https://picsum.photos/seed/sku-out-055/640/480
PRD-0327,Alpine Desk Lamp,Home,77.09,USD,322,SKU-HOM-052,Maroon,3.7,true,/products/product-detail/sku-hom-052,https://picsum.photos/seed/sku-hom-052/640/480
PRD-0328,Pulse Mug Set,Home,67.78,USD,243,SKU-HOM-053,Charcoal,3.7,true,/products/product-detail/sku-hom-053,https://picsum.photos/seed/sku-hom-053/640/480
PRD-0329,Terra Phone Case,Accessories,195.04,USD,184,SKU-ACC-039,White,4.5,true,/products/product-detail/sku-acc-039,https://picsum.photos/seed/sku-acc-039/640/480
PRD-0330,Lumen Rain Boots,Footwear,154.93,USD,172,SKU-FOO-063,Black,4.1,true,/products/product-detail/sku-foo-063,https://picsum.photos/seed/sku-foo-063/640/480
PRD-0331,Voyager Sunglasses,Accessories,112.97,USD,356,SKU-ACC-040,Navy,3.6,true,/products/product-detail/sku-acc-040,https://picsum.photos/seed/sku-acc-040/640/480
PRD-0332,Marina Desk Lamp,Home,162.43,USD,155,SKU-HOM-054,White,4.5,true,/products/product-detail/sku-hom-054,https://picsum.photos/seed/sku-hom-054/640/480
PRD-0333,Cascade Power Bank,Electronics,107.73,USD,88,SKU-ELE-060,Black,4.2,true,/products/product-detail/sku-ele-060,https://picsum.photos/seed/sku-ele-060/640/480
PRD-0334,Coral Rain Boots,Footwear,157.70,USD,256,SKU-FOO-064,Natural,4.1,true,/products/product-detail/sku-foo-064,https://picsum.photos/seed/sku-foo-064/640/480
PRD-0335,Cedarwood Loafers,Footwear,188.96,USD,304,SKU-FOO-065,Blue,4.1,true,/products/product-detail/sku-foo-065,https://picsum.photos/seed/sku-foo-065/640/480
PRD-0336,Vortex Dumbbell Set,Fitness,114.25,USD,36,SKU-FIT-062,Maroon,3.8,true,/products/product-detail/sku-fit-062,https://picsum.photos/seed/sku-fit-062/640/480
PRD-0337,Fable Picture Frame,Home,185.73,USD,312,SKU-HOM-055,White,3.6,true,/products/product-detail/sku-hom-055,https://picsum.photos/seed/sku-hom-055/640/480
PRD-0338,Solstice Tent,Outdoor,63.37,USD,196,SKU-OUT-056,Navy,4.6,true,/products/product-detail/sku-out-056,https://picsum.photos/seed/sku-out-056/640/480
PRD-0339,Boreal Resistance Bands,Fitness,158.23,USD,384,SKU-FIT-063,Gray,4.3,true,/products/product-detail/sku-fit-063,https://picsum.photos/seed/sku-fit-063/640/480
PRD-0340,Voyager Storage Bin,Home,180.82,USD,88,SKU-HOM-056,Sand,4.9,true,/products/product-detail/sku-hom-056,https://picsum.photos/seed/sku-hom-056/640/480
PRD-0341,Granite Sleeping Bag,Outdoor,159.42,USD,198,SKU-OUT-057,Black,4.4,true,/products/product-detail/sku-out-057,https://picsum.photos/seed/sku-out-057/640/480
PRD-0342,Aurora Power Bank,Electronics,28.43,USD,297,SKU-ELE-061,Sand,4.1,true,/products/product-detail/sku-ele-061,https://picsum.photos/seed/sku-ele-061/640/480
PRD-0343,Meridian Wallet,Accessories,126.70,USD,353,SKU-ACC-041,White,3.5,true,/products/product-detail/sku-acc-041,https://picsum.photos/seed/sku-acc-041/640/480
PRD-0344,Terra Belt,Accessories,70.84,USD,277,SKU-ACC-042,Beige,5.0,true,/products/product-detail/sku-acc-042,https://picsum.photos/seed/sku-acc-042/640/480
PRD-0345,Cedarwood Yoga Mat,Fitness,98.59,USD,142,SKU-FIT-064,Natural,4.6,true,/products/product-detail/sku-fit-064,https://picsum.photos/seed/sku-fit-064/640/480
PRD-0346,Boreal USB-C Cable,Electronics,7.13,USD,272,SKU-ELE-062,White,3.8,true,/products/product-detail/sku-ele-062,https://picsum.photos/seed/sku-ele-062/640/480
PRD-0347,Cedarwood Running Shoes,Footwear,171.40,USD,0,SKU-FOO-066,Teal,4.6,false,/products/product-detail/sku-foo-066,https://picsum.photos/seed/sku-foo-066/640/480
PRD-0348,Aurora Rug,Home,157.47,USD,287,SKU-HOM-057,Natural,4.1,true,/products/product-detail/sku-hom-057,https://picsum.photos/seed/sku-hom-057/640/480
PRD-0349,Marina Slippers,Footwear,195.86,USD,213,SKU-FOO-067,Black,4.0,true,/products/product-detail/sku-foo-067,https://picsum.photos/seed/sku-foo-067/640/480
PRD-0350,Lumen Foam Roller,Fitness,54.84,USD,133,SKU-FIT-065,Olive,4.7,true,/products/product-detail/sku-fit-065,https://picsum.photos/seed/sku-fit-065/640/480
PRD-0351,Meridian Wallet,Accessories,188.82,USD,297,SKU-ACC-043,Teal,4.1,true,/products/product-detail/sku-acc-043,https://picsum.photos/seed/sku-acc-043/640/480
PRD-0352,Ember Sunglasses,Accessories,91.63,USD,141,SKU-ACC-044,Silver,4.1,true,/products/product-detail/sku-acc-044,https://picsum.photos/seed/sku-acc-044/640/480
PRD-0353,Fable Wallet,Accessories,94.91,USD,242,SKU-ACC-045,Olive,3.6,true,/products/product-detail/sku-acc-045,https://picsum.photos/seed/sku-acc-045/640/480
PRD-0354,Fable Throw Blanket,Home,176.37,USD,140,SKU-HOM-058,Blue,4.3,true,/products/product-detail/sku-hom-058,https://picsum.photos/seed/sku-hom-058/640/480
PRD-0355,Zenith Rug,Home,68.21,USD,24,SKU-HOM-059,Beige,3.9,true,/products/product-detail/sku-hom-059,https://picsum.photos/seed/sku-hom-059/640/480
PRD-0356,Onyx Trekking Poles,Outdoor,80.36,USD,296,SKU-OUT-058,Natural,4.2,true,/products/product-detail/sku-out-058,https://picsum.photos/seed/sku-out-058/640/480
PRD-0357,Zenith Mouse,Electronics,103.90,USD,181,SKU-ELE-063,Olive,4.6,true,/products/product-detail/sku-ele-063,https://picsum.photos/seed/sku-ele-063/640/480
PRD-0358,Alpine Bluetooth Speaker,Electronics,109.33,USD,229,SKU-ELE-064,White,4.9,true,/products/product-detail/sku-ele-064,https://picsum.photos/seed/sku-ele-064/640/480
PRD-0359,Zenith Yoga Mat,Fitness,189.95,USD,259,SKU-FIT-066,Blue,4.9,true,/products/product-detail/sku-fit-066,https://picsum.photos/seed/sku-fit-066/640/480
PRD-0360,Willow Desk Lamp,Home,150.14,USD,389,SKU-HOM-060,Silver,3.6,true,/products/product-detail/sku-hom-060,https://picsum.photos/seed/sku-hom-060/640/480
PRD-0361,Zenith Sunglasses,Accessories,198.75,USD,321,SKU-ACC-046,Teal,3.8,true,/products/product-detail/sku-acc-046,https://picsum.photos/seed/sku-acc-046/640/480
PRD-0362,Marina Rug,Home,17.41,USD,99,SKU-HOM-061,White,4.0,true,/products/product-detail/sku-hom-061,https://picsum.photos/seed/sku-hom-061/640/480
PRD-0363,Halcyon Water Bottle,Fitness,103.84,USD,329,SKU-FIT-067,Blue,3.9,true,/products/product-detail/sku-fit-067,https://picsum.photos/seed/sku-fit-067/640/480
PRD-0364,Voyager Rain Boots,Footwear,125.23,USD,268,SKU-FOO-068,White,3.6,true,/products/product-detail/sku-foo-068,https://picsum.photos/seed/sku-foo-068/640/480
PRD-0365,Quartz Headlamp,Outdoor,131.51,USD,183,SKU-OUT-059,Black,4.5,true,/products/product-detail/sku-out-059,https://picsum.photos/seed/sku-out-059/640/480
PRD-0366,Meridian Loafers,Footwear,143.76,USD,368,SKU-FOO-069,Maroon,4.0,true,/products/product-detail/sku-foo-069,https://picsum.photos/seed/sku-foo-069/640/480
PRD-0367,Solstice Rain Boots,Footwear,67.50,USD,37,SKU-FOO-070,Red,4.2,true,/products/product-detail/sku-foo-070,https://picsum.photos/seed/sku-foo-070/640/480
PRD-0368,Boreal Hiking Boots,Footwear,125.99,USD,77,SKU-FOO-071,Navy,4.7,true,/products/product-detail/sku-foo-071,https://picsum.photos/seed/sku-foo-071/640/480
PRD-0369,Boreal Hammock,Outdoor,58.65,USD,72,SKU-OUT-060,Charcoal,3.8,true,/products/product-detail/sku-out-060,https://picsum.photos/seed/sku-out-060/640/480
PRD-0370,Pulse Rug,Home,9.31,USD,393,SKU-HOM-062,Beige,3.9,true,/products/product-detail/sku-hom-062,https://picsum.photos/seed/sku-hom-062/640/480
PRD-0371,Meridian Throw Blanket,Home,179.60,USD,148,SKU-HOM-063,Olive,4.5,true,/products/product-detail/sku-hom-063,https://picsum.photos/seed/sku-hom-063/640/480
PRD-0372,Flexfit Sleeping Bag,Outdoor,27.25,USD,210,SKU-OUT-061,Navy,4.6,true,/products/product-detail/sku-out-061,https://picsum.photos/seed/sku-out-061/640/480
PRD-0373,Ember Cutting Board,Home,129.43,USD,104,SKU-HOM-064,Silver,4.1,true,/products/product-detail/sku-hom-064,https://picsum.photos/seed/sku-hom-064/640/480
PRD-0374,Solstice Slippers,Footwear,81.10,USD,362,SKU-FOO-072,Sand,3.7,true,/products/product-detail/sku-foo-072,https://picsum.photos/seed/sku-foo-072/640/480
PRD-0375,Alpine Slippers,Footwear,33.32,USD,346,SKU-FOO-073,Gray,4.8,true,/products/product-detail/sku-foo-073,https://picsum.photos/seed/sku-foo-073/640/480
PRD-0376,Vortex Rain Boots,Footwear,21.60,USD,336,SKU-FOO-074,Green,4.7,true,/products/product-detail/sku-foo-074,https://picsum.photos/seed/sku-foo-074/640/480
PRD-0377,Ember Duffel,Outdoor,9.22,USD,286,SKU-OUT-062,Blue,3.7,true,/products/product-detail/sku-out-062,https://picsum.photos/seed/sku-out-062/640/480
PRD-0378,Quartz Mug Set,Home,60.60,USD,48,SKU-HOM-065,Silver,4.3,true,/products/product-detail/sku-hom-065,https://picsum.photos/seed/sku-hom-065/640/480
PRD-0379,Onyx Watch,Accessories,59.56,USD,256,SKU-ACC-047,Teal,4.0,true,/products/product-detail/sku-acc-047,https://picsum.photos/seed/sku-acc-047/640/480
PRD-0380,Pulse Sneakers,Footwear,142.73,USD,288,SKU-FOO-075,Blue,4.5,true,/products/product-detail/sku-foo-075,https://picsum.photos/seed/sku-foo-075/640/480
PRD-0381,Cedarwood Resistance Bands,Fitness,92.85,USD,82,SKU-FIT-068,Sand,4.5,true,/products/product-detail/sku-fit-068,https://picsum.photos/seed/sku-fit-068/640/480
PRD-0382,Onyx Wallet,Accessories,32.07,USD,231,SKU-ACC-048,Gray,4.9,true,/products/product-detail/sku-acc-048,https://picsum.photos/seed/sku-acc-048/640/480
PRD-0383,Alpine Mouse,Electronics,75.37,USD,332,SKU-ELE-065,Black,4.3,true,/products/product-detail/sku-ele-065,https://picsum.photos/seed/sku-ele-065/640/480
PRD-0384,Flexfit Webcam,Electronics,113.81,USD,16,SKU-ELE-066,Silver,3.8,true,/products/product-detail/sku-ele-066,https://picsum.photos/seed/sku-ele-066/640/480
PRD-0385,Alpine Hiking Boots,Footwear,117.89,USD,227,SKU-FOO-076,Gray,4.3,true,/products/product-detail/sku-foo-076,https://picsum.photos/seed/sku-foo-076/640/480
PRD-0386,Pulse Rain Boots,Footwear,180.90,USD,388,SKU-FOO-077,Gray,4.6,true,/products/product-detail/sku-foo-077,https://picsum.photos/seed/sku-foo-077/640/480
PRD-0387,Fable Desk Lamp,Home,107.23,USD,215,SKU-HOM-066,Beige,4.9,true,/products/product-detail/sku-hom-066,https://picsum.photos/seed/sku-hom-066/640/480
PRD-0388,Granite Hammock,Outdoor,105.75,USD,211,SKU-OUT-063,Charcoal,3.6,true,/products/product-detail/sku-out-063,https://picsum.photos/seed/sku-out-063/640/480
PRD-0389,Terra USB-C Cable,Electronics,53.05,USD,19,SKU-ELE-067,Olive,3.7,true,/products/product-detail/sku-ele-067,https://picsum.photos/seed/sku-ele-067/640/480
PRD-0390,Voyager Sunglasses,Accessories,56.88,USD,246,SKU-ACC-049,White,4.8,true,/products/product-detail/sku-acc-049,https://picsum.photos/seed/sku-acc-049/640/480
PRD-0391,Aurora Rug,Home,174.40,USD,150,SKU-HOM-067,Natural,4.2,true,/products/product-detail/sku-hom-067,https://picsum.photos/seed/sku-hom-067/640/480
PRD-0392,Coral Watch,Accessories,65.59,USD,395,SKU-ACC-050,Red,4.5,true,/products/product-detail/sku-acc-050,https://picsum.photos/seed/sku-acc-050/640/480
PRD-0393,Pulse Yoga Mat,Fitness,141.48,USD,77,SKU-FIT-069,Blue,4.9,true,/products/product-detail/sku-fit-069,https://picsum.photos/seed/sku-fit-069/640/480
PRD-0394,Meridian Jump Rope,Fitness,112.61,USD,10,SKU-FIT-070,Teal,4.3,true,/products/product-detail/sku-fit-070,https://picsum.photos/seed/sku-fit-070/640/480
PRD-0395,Aurora Cutting Board,Home,7.25,USD,280,SKU-HOM-068,Black,3.9,true,/products/product-detail/sku-hom-068,https://picsum.photos/seed/sku-hom-068/640/480
PRD-0396,Halcyon Rug,Home,149.81,USD,73,SKU-HOM-069,Olive,3.5,true,/products/product-detail/sku-hom-069,https://picsum.photos/seed/sku-hom-069/640/480
PRD-0397,Halcyon Foam Roller,Fitness,99.12,USD,158,SKU-FIT-071,White,4.0,true,/products/product-detail/sku-fit-071,https://picsum.photos/seed/sku-fit-071/640/480
PRD-0398,Coral Keyboard,Electronics,56.80,USD,43,SKU-ELE-068,Silver,4.8,true,/products/product-detail/sku-ele-068,https://picsum.photos/seed/sku-ele-068/640/480
PRD-0399,Drift Storage Bin,Home,65.60,USD,202,SKU-HOM-070,Olive,3.6,true,/products/product-detail/sku-hom-070,https://picsum.photos/seed/sku-hom-070/640/480
PRD-0400,Nimbus Bluetooth Speaker,Electronics,117.67,USD,160,SKU-ELE-069,Beige,4.5,true,/products/product-detail/sku-ele-069,https://picsum.photos/seed/sku-ele-069/640/480
PRD-0401,Cedarwood Cooler,Outdoor,197.99,USD,49,SKU-OUT-064,Natural,4.0,true,/products/product-detail/sku-out-064,https://picsum.photos/seed/sku-out-064/640/480
PRD-0402,Vortex Foam Roller,Fitness,67.60,USD,30,SKU-FIT-072,Natural,4.9,true,/products/product-detail/sku-fit-072,https://picsum.photos/seed/sku-fit-072/640/480
PRD-0403,Onyx Scarf,Accessories,152.03,USD,384,SKU-ACC-051,Natural,4.3,true,/products/product-detail/sku-acc-051,https://picsum.photos/seed/sku-acc-051/640/480
PRD-0404,Coral Cooler,Outdoor,24.55,USD,265,SKU-OUT-065,White,4.4,true,/products/product-detail/sku-out-065,https://picsum.photos/seed/sku-out-065/640/480
PRD-0405,Fable Water Bottle,Fitness,139.57,USD,324,SKU-FIT-073,Sand,4.4,true,/products/product-detail/sku-fit-073,https://picsum.photos/seed/sku-fit-073/640/480
PRD-0406,Vortex Watch,Accessories,185.93,USD,396,SKU-ACC-052,Natural,4.7,true,/products/product-detail/sku-acc-052,https://picsum.photos/seed/sku-acc-052/640/480
PRD-0407,Boreal Watch,Accessories,105.25,USD,258,SKU-ACC-053,Blue,4.3,true,/products/product-detail/sku-acc-053,https://picsum.photos/seed/sku-acc-053/640/480
PRD-0408,Cascade Picture Frame,Home,70.25,USD,250,SKU-HOM-071,Black,4.9,true,/products/product-detail/sku-hom-071,https://picsum.photos/seed/sku-hom-071/640/480
PRD-0409,Vortex Keyboard,Electronics,8.13,USD,162,SKU-ELE-070,Green,4.1,true,/products/product-detail/sku-ele-070,https://picsum.photos/seed/sku-ele-070/640/480
PRD-0410,Quartz Storage Bin,Home,33.82,USD,394,SKU-HOM-072,Green,3.8,true,/products/product-detail/sku-hom-072,https://picsum.photos/seed/sku-hom-072/640/480
PRD-0411,Quartz Trekking Poles,Outdoor,38.40,USD,175,SKU-OUT-066,Red,4.8,true,/products/product-detail/sku-out-066,https://picsum.photos/seed/sku-out-066/640/480
PRD-0412,Vortex Headlamp,Outdoor,187.38,USD,50,SKU-OUT-067,Red,3.9,true,/products/product-detail/sku-out-067,https://picsum.photos/seed/sku-out-067/640/480
PRD-0413,Coral Dumbbell Set,Fitness,184.03,USD,241,SKU-FIT-074,Natural,4.0,true,/products/product-detail/sku-fit-074,https://picsum.photos/seed/sku-fit-074/640/480
PRD-0414,Cascade Candle,Home,27.77,USD,66,SKU-HOM-073,Blue,4.1,true,/products/product-detail/sku-hom-073,https://picsum.photos/seed/sku-hom-073/640/480
PRD-0415,Alpine Picture Frame,Home,122.42,USD,26,SKU-HOM-074,Gray,3.9,true,/products/product-detail/sku-hom-074,https://picsum.photos/seed/sku-hom-074/640/480
PRD-0416,Boreal Yoga Mat,Fitness,149.62,USD,165,SKU-FIT-075,Red,5.0,true,/products/product-detail/sku-fit-075,https://picsum.photos/seed/sku-fit-075/640/480
PRD-0417,Onyx Wireless Earbuds,Electronics,22.10,USD,289,SKU-ELE-071,Sand,3.9,true,/products/product-detail/sku-ele-071,https://picsum.photos/seed/sku-ele-071/640/480
PRD-0418,Voyager Sneakers,Footwear,187.02,USD,56,SKU-FOO-078,Silver,4.1,true,/products/product-detail/sku-foo-078,https://picsum.photos/seed/sku-foo-078/640/480
PRD-0419,Vortex Trekking Poles,Outdoor,109.35,USD,132,SKU-OUT-068,Gray,3.5,true,/products/product-detail/sku-out-068,https://picsum.photos/seed/sku-out-068/640/480
PRD-0420,Fable Phone Case,Accessories,5.14,USD,11,SKU-ACC-054,Red,4.4,true,/products/product-detail/sku-acc-054,https://picsum.photos/seed/sku-acc-054/640/480
PRD-0421,Fable Water Bottle,Fitness,169.92,USD,108,SKU-FIT-076,Black,4.2,true,/products/product-detail/sku-fit-076,https://picsum.photos/seed/sku-fit-076/640/480
PRD-0422,Marina Sandals,Footwear,46.95,USD,109,SKU-FOO-079,Natural,4.0,true,/products/product-detail/sku-foo-079,https://picsum.photos/seed/sku-foo-079/640/480
PRD-0423,Boreal Yoga Mat,Fitness,155.65,USD,399,SKU-FIT-077,Charcoal,3.7,true,/products/product-detail/sku-fit-077,https://picsum.photos/seed/sku-fit-077/640/480
PRD-0424,Flexfit Power Bank,Electronics,54.86,USD,147,SKU-ELE-072,Teal,4.2,true,/products/product-detail/sku-ele-072,https://picsum.photos/seed/sku-ele-072/640/480
PRD-0425,Voyager Webcam,Electronics,141.19,USD,63,SKU-ELE-073,White,4.9,true,/products/product-detail/sku-ele-073,https://picsum.photos/seed/sku-ele-073/640/480
PRD-0426,Lumen Sneakers,Footwear,67.38,USD,220,SKU-FOO-080,Sand,4.8,true,/products/product-detail/sku-foo-080,https://picsum.photos/seed/sku-foo-080/640/480
PRD-0427,Aurora Cleats,Footwear,20.60,USD,142,SKU-FOO-081,White,3.9,true,/products/product-detail/sku-foo-081,https://picsum.photos/seed/sku-foo-081/640/480
PRD-0428,Nimbus Slippers,Footwear,180.81,USD,361,SKU-FOO-082,Green,4.4,true,/products/product-detail/sku-foo-082,https://picsum.photos/seed/sku-foo-082/640/480
PRD-0429,Ember Picture Frame,Home,114.07,USD,239,SKU-HOM-075,Maroon,4.6,true,/products/product-detail/sku-hom-075,https://picsum.photos/seed/sku-hom-075/640/480
PRD-0430,Ember Foam Roller,Fitness,50.89,USD,57,SKU-FIT-078,Gray,4.8,true,/products/product-detail/sku-fit-078,https://picsum.photos/seed/sku-fit-078/640/480
PRD-0431,Willow Tote Bag,Accessories,149.56,USD,169,SKU-ACC-055,Maroon,4.0,true,/products/product-detail/sku-acc-055,https://picsum.photos/seed/sku-acc-055/640/480
PRD-0432,Willow Tent,Outdoor,84.48,USD,25,SKU-OUT-069,Natural,4.5,true,/products/product-detail/sku-out-069,https://picsum.photos/seed/sku-out-069/640/480
PRD-0433,Terra Tent,Outdoor,129.48,USD,261,SKU-OUT-070,Green,3.7,true,/products/product-detail/sku-out-070,https://picsum.photos/seed/sku-out-070/640/480
PRD-0434,Willow Belt,Accessories,31.19,USD,253,SKU-ACC-056,Red,3.6,true,/products/product-detail/sku-acc-056,https://picsum.photos/seed/sku-acc-056/640/480
PRD-0435,Granite Sneakers,Footwear,157.35,USD,342,SKU-FOO-083,Teal,4.2,true,/products/product-detail/sku-foo-083,https://picsum.photos/seed/sku-foo-083/640/480
PRD-0436,Drift Power Bank,Electronics,45.12,USD,319,SKU-ELE-074,Natural,4.9,true,/products/product-detail/sku-ele-074,https://picsum.photos/seed/sku-ele-074/640/480
PRD-0437,Willow Running Shoes,Footwear,199.46,USD,181,SKU-FOO-084,Green,4.5,true,/products/product-detail/sku-foo-084,https://picsum.photos/seed/sku-foo-084/640/480
PRD-0438,Solstice Hat,Accessories,121.44,USD,359,SKU-ACC-057,White,3.7,true,/products/product-detail/sku-acc-057,https://picsum.photos/seed/sku-acc-057/640/480
PRD-0439,Granite Webcam,Electronics,171.56,USD,198,SKU-ELE-075,Blue,3.9,true,/products/product-detail/sku-ele-075,https://picsum.photos/seed/sku-ele-075/640/480
PRD-0440,Fable Loafers,Footwear,53.11,USD,320,SKU-FOO-085,Natural,3.6,true,/products/product-detail/sku-foo-085,https://picsum.photos/seed/sku-foo-085/640/480
PRD-0441,Halcyon Jump Rope,Fitness,155.49,USD,41,SKU-FIT-079,Olive,4.4,true,/products/product-detail/sku-fit-079,https://picsum.photos/seed/sku-fit-079/640/480
PRD-0442,Meridian Yoga Mat,Fitness,102.54,USD,265,SKU-FIT-080,Natural,3.5,true,/products/product-detail/sku-fit-080,https://picsum.photos/seed/sku-fit-080/640/480
PRD-0443,Halcyon Watch,Accessories,160.89,USD,235,SKU-ACC-058,Beige,3.7,true,/products/product-detail/sku-acc-058,https://picsum.photos/seed/sku-acc-058/640/480
PRD-0444,Terra Mouse,Electronics,48.26,USD,156,SKU-ELE-076,Olive,4.7,true,/products/product-detail/sku-ele-076,https://picsum.photos/seed/sku-ele-076/640/480
PRD-0445,Ember Foam Roller,Fitness,16.82,USD,88,SKU-FIT-081,Olive,3.6,true,/products/product-detail/sku-fit-081,https://picsum.photos/seed/sku-fit-081/640/480
PRD-0446,Solstice Throw Blanket,Home,116.55,USD,294,SKU-HOM-076,Green,4.9,true,/products/product-detail/sku-hom-076,https://picsum.photos/seed/sku-hom-076/640/480
PRD-0447,Fable Sunglasses,Accessories,173.49,USD,270,SKU-ACC-059,Gray,4.3,true,/products/product-detail/sku-acc-059,https://picsum.photos/seed/sku-acc-059/640/480
PRD-0448,Pulse Duffel,Outdoor,93.16,USD,31,SKU-OUT-071,Teal,4.1,true,/products/product-detail/sku-out-071,https://picsum.photos/seed/sku-out-071/640/480
PRD-0449,Lumen Running Shoes,Footwear,98.84,USD,63,SKU-FOO-086,Silver,3.8,true,/products/product-detail/sku-foo-086,https://picsum.photos/seed/sku-foo-086/640/480
PRD-0450,Coral Cleats,Footwear,124.94,USD,350,SKU-FOO-087,Beige,4.8,true,/products/product-detail/sku-foo-087,https://picsum.photos/seed/sku-foo-087/640/480
PRD-0451,Granite Hat,Accessories,120.29,USD,62,SKU-ACC-060,Blue,4.9,true,/products/product-detail/sku-acc-060,https://picsum.photos/seed/sku-acc-060/640/480
PRD-0452,Nimbus Slippers,Footwear,91.52,USD,309,SKU-FOO-088,Olive,3.5,true,/products/product-detail/sku-foo-088,https://picsum.photos/seed/sku-foo-088/640/480
PRD-0453,Nimbus Water Bottle,Fitness,81.35,USD,362,SKU-FIT-082,Charcoal,4.4,true,/products/product-detail/sku-fit-082,https://picsum.photos/seed/sku-fit-082/640/480
PRD-0454,Coral Belt,Accessories,81.97,USD,148,SKU-ACC-061,Navy,4.2,true,/products/product-detail/sku-acc-061,https://picsum.photos/seed/sku-acc-061/640/480
PRD-0455,Voyager Dumbbell Set,Fitness,78.32,USD,198,SKU-FIT-083,Blue,3.7,true,/products/product-detail/sku-fit-083,https://picsum.photos/seed/sku-fit-083/640/480
PRD-0456,Cascade Running Shoes,Footwear,26.48,USD,273,SKU-FOO-089,Sand,4.5,true,/products/product-detail/sku-foo-089,https://picsum.photos/seed/sku-foo-089/640/480
PRD-0457,Granite Watch,Accessories,156.95,USD,255,SKU-ACC-062,Blue,3.5,true,/products/product-detail/sku-acc-062,https://picsum.photos/seed/sku-acc-062/640/480
PRD-0458,Willow Belt,Accessories,43.01,USD,97,SKU-ACC-063,Charcoal,4.5,true,/products/product-detail/sku-acc-063,https://picsum.photos/seed/sku-acc-063/640/480
PRD-0459,Ember Dumbbell Set,Fitness,139.07,USD,50,SKU-FIT-084,Maroon,3.5,true,/products/product-detail/sku-fit-084,https://picsum.photos/seed/sku-fit-084/640/480
PRD-0460,Aurora Duffel,Outdoor,133.97,USD,350,SKU-OUT-072,Charcoal,4.3,true,/products/product-detail/sku-out-072,https://picsum.photos/seed/sku-out-072/640/480
PRD-0461,Willow Duffel,Outdoor,164.33,USD,374,SKU-OUT-073,Sand,4.0,true,/products/product-detail/sku-out-073,https://picsum.photos/seed/sku-out-073/640/480
PRD-0462,Cedarwood Foam Roller,Fitness,12.88,USD,60,SKU-FIT-085,Olive,4.4,true,/products/product-detail/sku-fit-085,https://picsum.photos/seed/sku-fit-085/640/480
PRD-0463,Zenith Wireless Earbuds,Electronics,191.80,USD,0,SKU-ELE-077,Navy,4.7,false,/products/product-detail/sku-ele-077,https://picsum.photos/seed/sku-ele-077/640/480
PRD-0464,Pulse Hiking Boots,Footwear,36.03,USD,193,SKU-FOO-090,Olive,3.7,true,/products/product-detail/sku-foo-090,https://picsum.photos/seed/sku-foo-090/640/480
PRD-0465,Voyager Hiking Boots,Footwear,21.66,USD,268,SKU-FOO-091,Charcoal,3.9,true,/products/product-detail/sku-foo-091,https://picsum.photos/seed/sku-foo-091/640/480
PRD-0466,Fable Keyboard,Electronics,119.17,USD,371,SKU-ELE-078,Sand,4.8,true,/products/product-detail/sku-ele-078,https://picsum.photos/seed/sku-ele-078/640/480
PRD-0467,Meridian Sandals,Footwear,31.87,USD,324,SKU-FOO-092,Natural,3.5,true,/products/product-detail/sku-foo-092,https://picsum.photos/seed/sku-foo-092/640/480
PRD-0468,Aurora Cutting Board,Home,149.15,USD,242,SKU-HOM-077,Olive,4.9,true,/products/product-detail/sku-hom-077,https://picsum.photos/seed/sku-hom-077/640/480
PRD-0469,Coral Keyboard,Electronics,94.84,USD,230,SKU-ELE-079,Gray,4.4,true,/products/product-detail/sku-ele-079,https://picsum.photos/seed/sku-ele-079/640/480
PRD-0470,Cedarwood Duffel,Outdoor,135.59,USD,330,SKU-OUT-074,Blue,4.8,true,/products/product-detail/sku-out-074,https://picsum.photos/seed/sku-out-074/640/480
PRD-0471,Cedarwood Hammock,Outdoor,184.10,USD,349,SKU-OUT-075,Green,4.4,true,/products/product-detail/sku-out-075,https://picsum.photos/seed/sku-out-075/640/480
PRD-0472,Coral Hiking Boots,Footwear,102.57,USD,344,SKU-FOO-093,Teal,4.8,true,/products/product-detail/sku-foo-093,https://picsum.photos/seed/sku-foo-093/640/480
PRD-0473,Vortex Wireless Earbuds,Electronics,135.93,USD,181,SKU-ELE-080,Maroon,4.4,true,/products/product-detail/sku-ele-080,https://picsum.photos/seed/sku-ele-080/640/480
PRD-0474,Drift Scarf,Accessories,110.27,USD,155,SKU-ACC-064,Red,3.6,true,/products/product-detail/sku-acc-064,https://picsum.photos/seed/sku-acc-064/640/480
PRD-0475,Boreal USB-C Cable,Electronics,126.09,USD,279,SKU-ELE-081,Teal,4.5,true,/products/product-detail/sku-ele-081,https://picsum.photos/seed/sku-ele-081/640/480
PRD-0476,Granite Storage Bin,Home,16.67,USD,241,SKU-HOM-078,Beige,3.7,true,/products/product-detail/sku-hom-078,https://picsum.photos/seed/sku-hom-078/640/480
PRD-0477,Nimbus Storage Bin,Home,106.41,USD,26,SKU-HOM-079,Teal,4.0,true,/products/product-detail/sku-hom-079,https://picsum.photos/seed/sku-hom-079/640/480
PRD-0478,Voyager Wireless Earbuds,Electronics,149.15,USD,2,SKU-ELE-082,Beige,4.9,true,/products/product-detail/sku-ele-082,https://picsum.photos/seed/sku-ele-082/640/480
PRD-0479,Solstice Desk Lamp,Home,151.53,USD,79,SKU-HOM-080,Gray,4.1,true,/products/product-detail/sku-hom-080,https://picsum.photos/seed/sku-hom-080/640/480
PRD-0480,Boreal Cleats,Footwear,156.26,USD,330,SKU-FOO-094,Blue,4.0,true,/products/product-detail/sku-foo-094,https://picsum.photos/seed/sku-foo-094/640/480
PRD-0481,Fable Hat,Accessories,155.52,USD,279,SKU-ACC-065,Gray,4.2,true,/products/product-detail/sku-acc-065,https://picsum.photos/seed/sku-acc-065/640/480
PRD-0482,Flexfit Mouse,Electronics,134.27,USD,60,SKU-ELE-083,Black,4.0,true,/products/product-detail/sku-ele-083,https://picsum.photos/seed/sku-ele-083/640/480
PRD-0483,Meridian Sleeping Bag,Outdoor,48.57,USD,233,SKU-OUT-076,Charcoal,4.8,true,/products/product-detail/sku-out-076,https://picsum.photos/seed/sku-out-076/640/480
PRD-0484,Alpine Fitness Tracker,Fitness,128.94,USD,278,SKU-FIT-086,Olive,3.9,true,/products/product-detail/sku-fit-086,https://picsum.photos/seed/sku-fit-086/640/480
PRD-0485,Marina Belt,Accessories,143.65,USD,151,SKU-ACC-066,Green,4.6,true,/products/product-detail/sku-acc-066,https://picsum.photos/seed/sku-acc-066/640/480
PRD-0486,Cascade Trekking Poles,Outdoor,157.11,USD,101,SKU-OUT-077,Charcoal,5.0,true,/products/product-detail/sku-out-077,https://picsum.photos/seed/sku-out-077/640/480
PRD-0487,Nimbus Sunglasses,Accessories,53.15,USD,365,SKU-ACC-067,Sand,3.8,true,/products/product-detail/sku-acc-067,https://picsum.photos/seed/sku-acc-067/640/480
PRD-0488,Aurora Duffel,Outdoor,163.41,USD,319,SKU-OUT-078,White,4.5,true,/products/product-detail/sku-out-078,https://picsum.photos/seed/sku-out-078/640/480
PRD-0489,Aurora Gym Bag,Fitness,75.60,USD,302,SKU-FIT-087,Black,4.3,true,/products/product-detail/sku-fit-087,https://picsum.photos/seed/sku-fit-087/640/480
PRD-0490,Drift Mouse,Electronics,106.91,USD,107,SKU-ELE-084,Red,3.9,true,/products/product-detail/sku-ele-084,https://picsum.photos/seed/sku-ele-084/640/480
PRD-0491,Onyx Scarf,Accessories,177.30,USD,130,SKU-ACC-068,Sand,5.0,true,/products/product-detail/sku-acc-068,https://picsum.photos/seed/sku-acc-068/640/480
PRD-0492,Alpine Water Bottle,Fitness,177.81,USD,2,SKU-FIT-088,Beige,4.1,true,/products/product-detail/sku-fit-088,https://picsum.photos/seed/sku-fit-088/640/480
PRD-0493,Halcyon Scarf,Accessories,78.98,USD,269,SKU-ACC-069,Charcoal,3.9,true,/products/product-detail/sku-acc-069,https://picsum.photos/seed/sku-acc-069/640/480
PRD-0494,Quartz Headlamp,Outdoor,169.07,USD,352,SKU-OUT-079,Silver,4.4,true,/products/product-detail/sku-out-079,https://picsum.photos/seed/sku-out-079/640/480
PRD-0495,Halcyon Keyboard,Electronics,57.49,USD,368,SKU-ELE-085,Olive,4.4,true,/products/product-detail/sku-ele-085,https://picsum.photos/seed/sku-ele-085/640/480
PRD-0496,Coral Throw Blanket,Home,148.09,USD,20,SKU-HOM-081,Silver,3.8,true,/products/product-detail/sku-hom-081,https://picsum.photos/seed/sku-hom-081/640/480
PRD-0497,Voyager Yoga Mat,Fitness,122.47,USD,151,SKU-FIT-089,Sand,4.1,true,/products/product-detail/sku-fit-089,https://picsum.photos/seed/sku-fit-089/640/480
PRD-0498,Drift Headlamp,Outdoor,88.38,USD,166,SKU-OUT-080,Teal,4.9,true,/products/product-detail/sku-out-080,https://picsum.photos/seed/sku-out-080/640/480
PRD-0499,Aurora Backpack,Outdoor,102.99,USD,125,SKU-OUT-081,White,5.0,true,/products/product-detail/sku-out-081,https://picsum.photos/seed/sku-out-081/640/480
PRD-0500,Aurora Jump Rope,Fitness,21.26,USD,293,SKU-FIT-090,Gray,4.1,true,/products/product-detail/sku-fit-090,https://picsum.photos/seed/sku-fit-090/640/480
